File name,Title,Author,Publication Year,Journal,Rank
Arx 1971 Persoonia 6 371-380.pdf,ON ARACHNIOTUS AND RELATED GENERA OF THE GYMNOASCACEAE,J.A. von Arx,1971,Persoonia,0
Arx and Samson 1986 Persoonia 13 185-188.pdf,"MALLOCHIA, A NEW GENUS OF THE EUROTIALES",J. A. VON ARX & R. A. SAMSON,1986,Persoonia,0
Barbosa et al 2018 Ant Leeuwenhoek 111 1883-1912.pdf," New Penicillium and Talaromyces species from honey, pollen and nests of stingless bees", Renan N. Barbosa.Jadson D. P. Bezerra.Cristina M. Souza-Motta. Jens C. Frisvad.Robert A. Samson.Neiva T. Oliveira.Jos Houbraken,2018,Antonie van Leeuwenhoek (2018) 111:1883–1912 ,0
Book CBS lab Man 2.pdf,Food and indoor fungi,"Robert A. Samson, Jos Houbraken, Ulf Thrane, Jens C. Frisvad, Birgitte Andersen",2010,CBS-KNAW Fungal Biodiversity Centre,0
Cover CBS lab Man 2.pdf,Food and Indoor Fungi Second edition,"Robert A. Samson, Jos Houbraken, Ulf Thrane, Jens C. Frisvad, Birgitte Andersen",2019,Westerdijk Fungal Biodiversity Institute,1
Crous et al 2014 Persoonia 33 284-285.pdf,Fungal Planet 318 – 24 November 2014,"Holdom, Y.P. Tan & R.G.",2014,Persoonia,0
Crous et al 2015 Persoonia 35 264-327.pdf, Fungal Planet description sheets: 371–399," P.W. Crous, M.J. Wingfield, J.J. Le Roux, D.M. Richardson, D. Strasberg, R.G. Shivas, P. Alvarado, J. Edwards, G. Moreno, R. Sharma, M.S. Sonawane, Y.P. Tan, A. Altés, T. Barasubiye, C.W. Barnes, R.A. Blanchette, D. Boertmann, A. Bogo, J.R. Carlavilla, R. Cheewangkoon, R. Daniel, Z.W. de Beer, M. de Jesús Yáñez-Morales, T.A. Duong, J. Fernández-Vicente, A.D.W. Geering, D.I. Guest, B.W. Held, M. Heykoop, V. Hubka, A.M. Ismail, S.C. Kajale, W. Khemmuk, M. Kola?ík, R. Kurli, R. Lebeuf, C.A. Lévesque, L. Lombard, D. Magista, J.L. Manjón, S. Marincowitz, J.M. Mohedano, A. Nováková, N.H. Oberlies, E.C. Otto, N.D. Paguigan, I.G. Pascoe, J.L. Pérez-Butrón, G. Perrone, P. Rahi, H.A. Raja, T. Rintoul, R.M.V. Sanhueza, K. Scarlett, Y.S. Shouche, L.A. Shuttleworth, P.W.J. Taylor, R.G. Thorn, L.L. Vawdrey, R. Solano-Vidal, A. Voitk, P.T.W. Wong, A.R. Wood, J.C. Zamora, J.Z. Groenewald",2015,Persoonia,0
Crous et al 2016 Persoonia 36 316-458.pdf, Fungal Planet description sheets: 400–468," P.W. Crous, M.J. Wingfield, D.M. Richardson, J.J. Le Roux, D. Strasberg, J. Edwards, F. Roets, V. Hubka, P.W.J. Taylor, M. Heykoop, M.P. Martín, G. Moreno, D.A. Sutton, N.P. Wiederhold, C.W. Barnes, J.R. Carlavilla, J. Gené, A. Giraldo, V. Guarnaccia, J. Guarro, M. Hernández-Restrepo, M. Kola?ík, J.L. Manjón, I.G. Pascoe, E.S. Popov, M. Sandoval-Denis, J.H.C. Woudenberg, K. Acharya, A.V. Alexandrova, P. Alvarado, R.N. Barbosa, I.G. Baseia, R.A. Blanchette, T. Boekhout, T.I. Burgess, J.F. Cano-Lira, A. ?moková, R.A. Dimitrov, M.Yu. Dyakov, M. Dueñas, A.K. Dutta, F. Esteve-Raventós, A.G. Fedosova, J. Fournier, P. Gamboa, D.E. Gouliamova, T. Grebenc, M. Groenewald, B. Hanse, G.E.St.J. Hardy, B.W. Held, Ž. Jurjevi?, T. Kaewgrajang, K.P.D. Latha, L. Lombard, J.J. Luangsa-ard, P. Lysková, N. Mallátová, P. Manimohan, A.N. Miller, M. Mirabolfathy, O.V. Morozova, M. Obodai, N.T. Oliveira, M.E. Ordóñez, E.C. Otto, S. Paloi, S.W. Peterson, C. Phosri, J. Roux, W.A. Salazar, A. Sánchez, G.A. Sarria, H.-D. Shin, B.D.B.",2016,Persoonia,0
Crous et al 2016 Persoonia 37 218-403.pdf, Fungal Planet description sheets: 469–557," P.W. Crous, M.J. Wingfield, T.I. Burgess, G.E.St.J. Hardy, C. Crane, S. Barrett, J.F. Cano-Lira, J.J. Le Roux, R. Thangavel, J. Guarro, A.M. Stchigel, M.P. Martín, D.S. Alfredo, P.A. Barber, R.W. Barreto, I.G. Baseia, J. Cano-Canals, R. Cheewangkoon, R.J. Ferreira, J. Gené, C. Lechat, G. Moreno, F. Roets, R.G. Shivas, J.O. Sousa, Y.P. Tan, N.P. Wiederhold, S.E. Abell, T. Accioly, J.L. Albizu, J.L. Alves, Z.I. Antoniolli, N. Aplin, J. Araújo, M. Arzanlou, J.D.P. Bezerra, J.-P. Bouchara, J.R. Carlavilla, A. Castillo, V.L. Castroagudín, P.C. Ceresini, G.F. Claridge, G. Coelho, V.R.M. Coimbra, L.A. Costa, K.C. da Cunha, S.S. da Silva, R. Daniel, Z.W. de Beer, M. Dueñas, J. Edwards, P. Enwistle, P.O. Fiuza, J. Fournier, D. García, T.B. Gibertoni, S. Giraud, M. Guevara-Suarez, L.F.P. Gusmão, S. Haituk, M. Heykoop, Y. Hirooka, T.A. Hofmann, J. Houbraken, D.P. Hughes, I. Kautmanová, O. Koppel, O. Koukol, E. Larsson, K.P.D. Latha, D.H. Lee, D.O. Lisboa, W.S. Lisboa, Á. López-Villalba, J.L.N. Maciel, P. Manimohan, J.L. Manjón, S. Marincowitz, T.S. Marney, M. Meijer, A.N. Miller, I. Olariaga, L.M. Paiva, M. Piepenbring, J.C. Poveda-Molero, K.N.A. Raj, H.A. Raja, A. Rougeron, I. Salcedo, R. Samadi, T.A.B. Santos, K. Scarlett, K.A. Seifert, L.A. Shuttleworth, G.A. Silva, M. Silva, J.P.Z. Siqueira, C.M. Souza-Motta, S.L. Stephenson, D.A. Sutton, N. Tamakeaw, M.T. Telleria, N. Valenzuela-Lopez, A. Viljoen, C.M. Visagie, A. Vizzini, F. Wartchow, B.D. Wingfield, E. Yurchenko, J.C. Zamora, J.Z. Groenewald",2016,Persoonia,0
Crous et al 2017 Persoonia 38 240-384.pdf, Fungal Planet description sheets: 558–624," P.W. Crous, M.J. Wingfield, T.I. Burgess, G.E.St.J. Hardy, P.A. Barber, P. Alvarado, C.W. Barnes, P.K. Buchanan, M. Heykoop, G. Moreno, R. Thangavel, S. van der Spuy, A. Barili, S. Barrett, S.O. Cacciola, J.F. Cano-Lira, C. Crane, C. Decock, T.B. Gibertoni, J. Guarro, M. Guevara-Suarez, V. Hubka, M. Kola?ík, C.R.S. Lira, M.E. Ordoñez, M. Padamsee, L. Ryvarden, A.M. Soares, A.M. Stchigel, D.A. Sutton, A. Vizzini, B.S. Weir, K. Acharya, F. Aloi, I.G. Baseia, R.A. Blanchette, J.J. Bordallo, Z. Bratek, T. Butler, J. Cano-Canals, J.R. Carlavilla, J. Chander, R. Cheewangkoon, R.H.S.F. Cruz, M. da Silva, A.K. Dutta, E. Ercole, V. Escobio, F. Esteve-Raventós, J.A. Flores, J. Gené, J.S. Góis, L. Haines, B.W. Held, M. Horta Jung, K. Hosaka, T. Jung, Ž. Jurjevi?, V. Kautman, I. Kautmanova, A.A. Kiyashko, M. Kozanek, A. Kubátová, M. Lafourcade, F. La Spada, K.P.D. Latha, H. Madrid, E.F. Malysheva, P. Manimohan, J.L. Manjón, M.P. Martín, M. Mata, Z. Merényi, A. Morte, I. Nagy, A.-C. Normand, S. Paloi, N. Pattison, J. Paw?owska, O.L. Pereira, M.E. Petterson, B. Picillo, K.N.A. Raj, A. Roberts, A. Rodríguez, F.J. Rodríguez-Campo, M. Roma?ski, M. Ruszkiewicz-Michalska, B. Scanu, L. Schena, M. Semelbauer, R. Sharma, Y.S. Shouche, V. Silva, M. Staniaszek-Kik, J.B. Stielow, C. Tapia, P.W.J. Taylor, M. Toome-Heller, J.M.C. Vabeikhokhei, A.D. van Diepeningen, N. Van Hoa, M. Van Tri, N.P. Wiederhold, M. Wrzosek, J. Zothanzama, J.Z. Groenewald",2017,Persoonia,0
Crous et al 2017 Persoonia 39 270-467.pdf, Fungal Planet description sheets: 625–715," P.W. Crous, M.J. Wingfield, T.I. Burgess, A.J. Carnegie, G.E.St.J. Hardy, D. Smith, B.A. Summerell, J.F. Cano-Lira, J. Guarro, J. Houbraken, L. Lombard, M.P. Martín, M. Sandoval-Denis, A.V. Alexandrova, C.W. Barnes, I.G. Baseia, J.D.P. Bezerra, V. Guarnaccia, T.W. May, M. Hernández-Restrepo, A.M. Stchigel, A.N. Miller, M.E. Ordoñez, V.P. Abreu, T. Accioly, C. Agnello, A. Agustin Colmán, C.C. Albuquerque, D.S. Alfredo, P. Alvarado, G.R. Araújo-Magalhães, S. Arauzo, T. Atkinson, A. Barili, R.W. Barreto, J.L. Bezerra, T.S. Cabral, F. Camello Rodríguez, R.H.S.F. Cruz, P.P. Daniëls, B.D.B. da Silva, D.A.C. de Almeida, A.A. de Carvalho Júnior, C.A. Decock, L. Delgat, S. Denman, R.A. Dimitrov, J. Edwards, A.G. Fedosova, R.J. Ferreira, A.L. Firmino, J.A. Flores, D. García, J. Gené, A. Giraldo, J.S. Góis, A.A.M. Gomes, C.M. Gonçalves, D.E. Gouliamova, M. Groenewald, B.V. Guéorguiev, M. Guevara-Suarez, L.F.P. Gusmão, K. Hosaka, V. Hubka, S.M. Huhndorf, M. Jadan, Ž. Jurjevi?, B. Kraak, V. Ku?era, T.K.A. Kumar, I. Kušan, S.R. Lacerda, S. Lamlertthon, W.S. Lisboa, M. Loizides, J.J. Luangsa-ard, P. Lysková, W.P. Mac Cormack, D.M. Macedo, A.R. Machado, E.F. Malysheva, P. Marinho, N. Mato?ec, M. Meijer, A. Meši?, S. Mongkolsamrit, K.A. Moreira, O.V. Morozova, K.U. Nair, N. Nakamura, W. Noisripoom, I. Olariaga, R.J.V. Oliveira, L.M. Paiva, P. Pawar, O.L. Pereira, S.W. Peterson, M. Prieto, E. Rodríguez-Andrade, C. Rojo De Blas, M. Roy, E.S. Santos, R. Sharma, G.A. Silva, C.M. Souza-Motta, Y. Takeuchi-Kaneko, C. Tanaka, A. Thakur, M.Th. Smith, Z. Tkal?ec, N. Valenzuela-Lopez, P. van der Kleij, A. Verbeken, M.G. Viana, X.W. Wang, J.Z. Groenewald",2017,Persoonia,0
Crous et al 2018 Persoonia 40 240-393.pdf, Fungal Planet description sheets: 716–784," P.W. Crous, M.J. Wingfield, T.I. Burgess, G.E.St.J. Hardy, J. Gené, J. Guarro, I.G. Baseia, D. García, L.F.P. Gusmão, C.M. Souza-Motta, R. Thangavel, S. Adam?ík, A. Barili, C.W. Barnes, J.D.P. Bezerra, J.J. Bordallo, J.F. Cano-Lira, R.J.V. de Oliveira, E. Ercole, V. Hubka, I. Iturrieta-González, A. Kubátová, M.P. Martín, P.-A. Moreau, A. Morte, M.E. Ordoñez, A. Rodríguez, A.M. Stchigel, A. Vizzini, J. Abdollahzadeh, V.P. Abreu, K. Adam?íková, G.M.R. Albuquerque, A.V. Alexandrova, E. Álvarez Duarte, C. Armstrong-Cho, S. Banniza, R.N. Barbosa, J.-M. Bellanger, J.L. Bezerra, T.S. Cabral, M. Cabo?, E. Caicedo, T. Cantillo, A.J. Carnegie, L.T. Carmo, R.F. Castañeda-Ruiz, C.R. Clement, A. ?moková, L.B. Conceição, R.H.S.F. Cruz, U. Damm, B.D.B. da Silva, G.A. da Silva, R.M.F. da Silva, A.L.C.M. de A. Santiago, L.F. de Oliveira, C.A.F. de Souza, F. Déniel, B. Dima, G. Dong, J. Edwards, C.R. Félix, J. Fournier, T.B. Gibertoni, K. Hosaka, T. Iturriaga, M. Jadan, J.-L. Jany, Ž. Jurjevi?, M. Kola?ík, I. Kušan, M.F. Landell, T.R. Leite Cordeiro, D.X. Lima, M. Loizides, S. Luo, A.R. Machado, H. Madrid, O.M.C. Magalhães, P. Marinho, N. Mato?ec, A. Meši?, A.N. Miller, O.V. Morozova, R.P. Neves, K. Nonaka, A. Nováková, N.H. Oberlies, J.R.C. Oliveira-Filho, T.G.L. Oliveira, V. Papp, O.L. Pereira, G. Perrone, S.W. Peterson, T.H.G. Pham, H.A. Raja, D.B. Raudabaugh, J. ?ehulka, E. Rodríguez-Andrade, M. Saba, A. Schauflerová, R.G. Shivas, G. Simonini, J.P.Z. Siqueira, J.O. Sousa, V. Stajsic, T. Svetasheva, Y.P. Tan, Z. Tkal?ec, S. Ullah, P. Valente, N. Valenzuela-Lopez, M. Abrinbana, D.A. Viana Marques, P.T.W. Wong, V. Xavier de Lima, J.Z. Groenewald",2018,Persoonia,0
Crous et al 2018 Persoonia 41 238-417.pdf, Fungal Planet description sheets: 785– 867," P.W. Crous, J.J. Luangsa-ard, M.J. Wingfield, A.J. Carnegie, M. Hernández-Restrepo, L. Lombard, J. Roux, R.W. Barreto, I.G. Baseia, J.F. Cano-Lira, M.P. Martín, O.V. Morozova, A.M. Stchigel, B.A. Summerell, T.E. Brandrud, B. Dima, D. García, A. Giraldo, J. Guarro, L.F.P. Gusmão, P. Khamsuntorn, M.E. Noordeloos, S. Nuankaew, U. Pinruan, E. Rodríguez-Andrade, C.M. Souza-Motta, R. Thangavel, A.L. van Iperen, V.P. Abreu, T. Accioly, J.L. Alves, J.P. Andrade, M. Bahram, H.-O. Baral, E. Barbier, C.W. Barnes, E. Bendiksen, E. Bernard, J.D.P. Bezerra, J.L. Bezerra, E. Bizio, J.E. Blair, T.M. Bulyonkova, T.S. Cabral, M.V. Caiafa, T. Cantillo, A.A. Colmán, L.B. Conceição, S. Cruz, A.O.B. Cunha, B.A. Darveaux, A.L. da Silva, G.A. da Silva, G.M. da Silva, R.M.F. da Silva, R.J.V. de Oliveira, R.L. Oliveira, J.T. De Souza, M. Dueñas, H.C. Evans, F. Epifani, M.T.C. Felipe, J. Fernández-López, B.W. Ferreira, C.N. Figueiredo, N.V. Filippova, J.A. Flores, J. Gené, G. Ghorbani, T.B. Gibertoni, A.M. Glushakova, R. Healy, S.M. Huhndorf, I. Iturrieta-González, M. Javan-Nikkhah, R.F. Juciano, Ž. Jurjevi?, A.V. Kachalkin, K. Keochanpheng, I. Krisai-Greilhuber, Y.-C. Li, A.A. Lima, A.R. Machado, H. Madrid, O.M.C. Magalhães, P.A.S. Marbach, G.C.S. Melanda, A.N. Miller, S. Mongkolsamrit, R.P. Nascimento, T.G.L. Oliveira, M.E. Ordoñez, R. Orzes, M.A. Palma, C.J. Pearce, O.L. Pereira, G. Perrone, S.W. Peterson, T.H.G. Pham, E. Piontelli, A. Pordel, L. Quijada, H.A. Raja, E. Rosas de Paz, L. Ryvarden, A. Saitta, S.S. Salcedo, M. Sandoval-Denis, T.A.B. Santos, K.A. Seifert, B.D.B. Silva, M.E. Smith, A.M. Soares, S. Sommai, J.O. Sousa, S. Suetrong, A. Susca, L. Tedersoo, M.T. Telleria, D. Thanakitpipattana, N. Valenzuela-Lopez, C.M. Visagie, M. Zapata, J.Z. Groenewald",2018,Persoonia,0
Crous et al 2019 Persoonia 42 291-473.pdf, Fungal Planet description sheets: 868–950," P.W. Crous, A.J. Carnegie, M.J. Wingfield, R. Sharma, G. Mughini, M.E. Noordeloos, A. Santini, Y.S. Shouche, J.D.P. Bezerra, B. Dima, V. Guarnaccia, I. Imrefi, Ž. Jurjevi?, D.G. Knapp, G.M. Kovács, D. Magistà, G. Perrone, T. Rämä, Y.A. Rebriev, R.G. Shivas, S.M. Singh, C.M. Souza-Motta, R. Thangavel, N.N. Adhapure, A.V. Alexandrova, A.C. Alfenas, R.F. Alfenas, P. Alvarado, A.L. Alves, D.A. Andrade, J.P. Andrade, R.N. Barbosa, A. Barili, C.W. Barnes, I.G. Baseia, J.-M. Bellanger, C. Berlanas, A.E. Bessette, A.R. Bessette, A.Yu. Biketova, F.S. Bomfim, T.E. Brandrud, K. Bransgrove, A.C.Q. Brito, J.F. Cano-Lira, T. Cantillo, A.D. Cavalcanti, R. Cheewangkoon, R.S. Chikowski, C. Conforto, T.R.L. Cordeiro, J.D. Craine, R. Cruz, U. Damm, R.J.V. de Oliveira, J.T. de Souza, H.G. de Souza, J.D.W. Dearnaley, R.A. Dimitrov, F. Dovana, A. Erhard, F. Esteve- Raventós, C.R. Félix, G. Ferisin, R.A. Fernandes, R.J. Ferreira, L.O. Ferro, C.N. Figueiredo, J.L. Frank, K.T.L.S. Freire, D. García, J. Gené, A. G?siorska, T.B. Gibertoni, R.A.G. Gondra, D.E. Gouliamova, D. Gramaje, F. Guard, L.F.P. Gusmão, S. Haitook, Y. Hirooka, J. Houbraken, V. Hubka, A. Inamdar, T. Iturriaga, I. Iturrieta-González, M. Jadan, N. Jiang, A. Justo, A.V. Kachal­kin, V.I. Kapitonov, M. Karadelev, J. Karakehian, T. Kasuya, I. Kautmanová, J. Kruse, I. Kušan, T.A. Kuznetsova, M.F. Landell, K.-H. Larsson, H.B. Lee, D.X. Lima, C.R.S. Lira, A.R. Machado, H. Madrid, O.M.C. Magalhães, H. Majerova, E.F. Malysheva, R.R. Mapperson, P.A.S. Marbach, M.P. Martín, A. Martín-Sanz, N. Mato?ec, A.R. McTaggart, J.F. Mello, R.F.R. Melo, A. Meši?, S.J. Michereff, A.N. Miller, A. Minoshima, L. Molinero-Ruiz, O.V. Morozova, D. Mosoh, M. Nabe, R. Naik, K. Nara, S.S. Nascimento, R.P. Neves, I. Olariaga, R.L. Oliveira, T.G.L. Oliveira, T. Ono, M.E. Ordoñez, A. de M. Ottoni, L.M. Paiva, F. Pancorbo, B. Pant, J. Paw?owska, S.W. Peterson, D.B. Raudabaugh, E. Rodríguez-Andrade, E. Rubio, K. Rusevska, A.L.C.M.A. Santiago, A.C.S. Santos, C. Santos, N.A. Sazanova, S. Shah, J. Sharma, B.D.B. Silva, J.L. Siquier, M.S. Sonawane, A.M. Stchigel, T. Svetasheva, N. Tamakeaw, M.T. Telleria, P.V. Tiago, C.M. Tian, Z. Tkal?ec, M.A. Tomashevskaya, H.H. Truong, M.V. Vecherskii, C.M. Visagie, A. Vizzini, N. Yilmaz, I.V. Zmitrovich, E.A. Zvyagina, T. Boekhout, T. Kehlet, T. Læssøe, J.Z. Groenewald",2019,Persoonia,0
Crous et al 2020 Persoonia 44 301-459.pdf, Fungal Planet description sheets: 1042–1111," P.W. Crous, M.J. Wingfield, Y.-H. Chooi, C.L.M. Gilchrist, E. Lacey, J.I. Pitt, F. Roets, W.J. Swart, J.F. Cano-Lira, N. Valenzuela-Lopez, V. Hubka, R.G. Shivas, A.M. Stchigel, D.G. Holdom, Ž. Jurjević, A.V. Kachalkin, T. Lebel, C. Lock, M.P. Martín, Y.P. Tan, M.A. Tomashevskaya, J.S. Vitelli, I.G. Baseia, V.K. Bhatt, T.E. Brandrud, J.T. De Souza, B. Dima, H.J. Lacey, L. Lombard, P.R. Johnston, A. Morte, V. Papp, A. Rodríguez, E. Rodríguez-Andrade, K.C. Semwal, L. Tegart, Z.G. Abad, A. Akulov, P. Alvarado, A. Alves, J.P. Andrade, F. Arenas, C. Asenjo, J. Ballarà, M.D. Barrett, L.M. Berná, A. Berraf-Tebbal, M.V. Bianchinotti, K. Bransgrove, T.I. Burgess, F.S. Carmo, R. Chávez, A. ?moková, J.D.W. Dearnaley, A.L.C.M. de A. Santiago, J.F. Freitas-Neto, S. Denman, B. Douglas, F. Dovana, A. Eichmeier, F. Esteve-Raventós, A. Farid, A.G. Fedosova, G. Ferisin, R.J. Ferreira, A. Ferrer, C.N. Figueiredo, Y.F. Figueiredo, C.G. Reinoso-Fuentealba, I. Garrido-Benavent, C.F. Cañete-Gibas, C. Gil-Durán, A.M. Glushakova, M.F.M. Gonçalves, M. González, M. Gorczak, C. Gorton, F.E. Guard, A.L. Guarnizo, J. Guarro, M. Gutiérrez, P. Hamal, L.T. Hien, A.D. Hocking, J. Houbraken, G.C. Hunter, C.A. Inácio, M. Jourdan, V.I. Kapitonov, L. Kelly, T.N. Khanh, K. Kis?o, L. Kiss, A. Kiyashko, M. Kola?ík, J. Kruse, A. Kubátová, V. Ku?era, I. Ku?erová, I. Kušan, H.B. Lee, G. Levicán, A. Lewis, N.V. Liem, K. Liimatainen, H.J. Lim, M.N. Lyons, J.G. Maciá-Vicente, V. Magaña-Dueñas, R. Mahiques, E.F. Malysheva, P.A.S. Marbach, P. Marinho, N. Mato?ec, A.R. McTaggart, A. Meši?, L. Morin, J.M. Muñoz-Mohedano, A. Navarro-Ródenas, C.P. Nicolli, R.L. Oliveira, E. Otsing, C.L. Ovrebo, T.A. Pankratov, A. Paños, A. Paz-Conde, A. Pérez-Sierra, C. Phosri, Á. Pintos, A. Pošta, S. Prencipe, E. Rubio, A. Saitta, L.S. Sales, L. Sanhueza, L.A. Shuttleworth, J. Smith, M.E. Smith, D. Spadaro, M. Spetik, M. Sochor, Z. Sochorová, J.O. Sousa, N. Suwannasai, L. Tedersoo, H.M. Thanh, L.D. Thao, Z. Tkal?ec, N. Vaghefi, A.S. Venzhik, A. Verbeken, A. Vizzini, S. Voyron, M. Wainhouse, A.J.S. Whalley, M. Wrzosek, M. Zapata, I. Zeil-Rolfe, J.Z. Groenewald",2020,Persoonia,0
Crous et al 2023 Persoonia 50 158-310.pdf, Fungal Planet description sheets: 1478–1549," P.W. Crous, E.R. Osieck, R.G. Shivas, Y.P. Tan, S.L. Bishop-Hurley, F. Esteve-Raventós, E. Larsson, J.J. Luangsa-ard, F. Pancorbo, S. Balashov, I.G. Baseia, T. Boekhout, S. Chandranayaka, D.A. Cowan, R.H.S.F. Cruz, P. Czachura, S. De la Peña-Lastra, F. Dovana, B. Drury, J. Fell, A. Flakus, R. Fotedar, Ž. Jurjevi?, A. Kolecka, J. Mack, G. Maggs-Kölling, S. Mahadevakumar, A. Mateos, S. Mongkolsamrit, W. Noisripoom, M. Plaza, D.P. Overy, M. Pi?tek, M. Sandoval-Denis, J. Vauras, M.J. Wingfield, S.E. Abell, A. Ahmadpour, A. Akulov, F. Alavi, Z. Alavi, A. Altés, P. Alvarado, G. Anand, N. Ashtekar, B. Assyov, G. Banc-Prandi, K.D. Barbosa, G.G. Barreto, J.-M. Bellanger, J.L. Bezerra, D.J. Bhat, P. Bila?ski, T. Bose, F. Bozok, J. Chaves, D.H. Costa-Rezende, C. Danteswari, V. Darmostuk, G. Delgado, S. Denman, A. Eichmeier, J. Etayo, G. Eyssartier, S. Faulwetter, K.G.G. Ganga, Y. Ghosta, J. Goh, J.S. Góis, D. Gramaje, L. Granit, M. Groenewald, G. Gulden, L.F.P. Gusmão, A. Hammerbacher, Z. Heidarian, N. Hywel-Jones, R. Jankowiak, M. Kaliyaperumal, O. Kaygusuz, K. Kezo, A. Khonsanit, S. Kumar, C.H. Kuo, T. Læssøe, K.P.D. Latha, M. Loizides, S.M. Luo, J.G. Maciá-Vicente, P. Manimohan, P.A.S. Marbach, P. Marinho, T.S. Marney, G. Marques, M.P. Martín, A.N. Miller, F. Mondello, G. Moreno, K.T. Mufeeda, H.Y. Mun, T. Nau, T. Nkomo, A. Okrasi?ska, J.P.A.F. Oliveira, R.L. Oliveira, D.A. Ortiz, J. Paw?owska, M.À. Pérez-De-Gregorio, A.R. Podile, A. Portugal, N. Privitera, K.C. Rajeshkumar, I. Rauf, B. Rian, A. Rigueiro-Rodríguez, G.F. Rivas- Torres, P. Rodriguez-Flakus, M. Romero-Gordillo, I. Saar, M. Saba, C.D. Santos, P.V.S.R.N. Sarma, J.L. Siquier, S. Sleiman, M. Spetik, K.R. Sridhar, M. Stryjak-Bogacka, K. Szczepa?ska, H. Ta?k?n, D.S. Tennakoon, D. Thanakitpipattana, J. Trovão, ?. Türkekul, A.L. van Iperen, P. van 't Hof, G. Vasquez, C.M. Visagie, B.D. Wingfield, P.T.W. Wong, W.X. Yang, M. Yarar, O. Yarden, N. Yilmaz, N. Zhang, Y.N. Zhu, J.Z. Groenewald",2023,Persoonia,0
Dictionary of Fungi feb2010 (2).pdf,Dictionary of Fungi,,2010,,0
Dijksterhuis 2019 Food Microbiology 81 2-11.pdf, Fungal spores: Highly variable and stress-resistant vehicles for distribution and spoilage, Jan Dijksterhuis,2019,Food Microbiology 81 (2019) 2–11,1
Dijksterhuis 2107 1-s2.0-S2214799317301236-main.pdf,The fungal spore and food spoilage,Jan Dijksterhuis,2017,"Current Opinion in Food Science 2017, 17:68–74",0
Dijksterhuis en Teunissen 2004 J Appl Microbiol 96 1 162-169.pdf, Dormant ascospores of Talaromyces macrosporus are activated to germinate after treatment with ultra high pressure," J. Dijksterhuis,and P.G.M. Teunissen",2004,"Journal of Applied Microbiology 2004, 96, 162–169",0
Dijksterhuis et al 2002 Arch Microbiol 178.pdf, Trehalose degradation and glucose efflux precede cell ejection during germination of heat-resistant ascospores of Talaromyces macrosporus,"Jan Dijksterhuis, Kenneth G. A. van Driel, Mark G. Sanders, Douwe Molenaar, Jos A. M. P. Houbraken, Rob A. Samson, Edwin P. W. Kets",2002,Arch Microbiol (2002) 178 :1–7,0
Dijksterhuis et al 2013 The Mycota 11 35-56.pdf,Fungal Spoilage of Crops and Food,"JAN DIJKSTERHUIS, JOS HOUBRAKEN, ROBERT A. SAMSON",2013,The Mycota 11 35-56,0
Dijksterhuis et al 2018 Int J Food Microbiol 285 27-33.pdf,Inactivation of stress-resistant ascospores of Eurotiales by industrial sanitizers,"Jan Dijksterhuisa, Martin Meijera, Tineke van Doorna, Rob Samsona, Emilia Rico-Munozb",2018,International Journal of Food Microbiology 285 (2018) 27–33,0
Dijksterhuis et al 2019 Int J Food Microbiol 306 108258.pdf, The preservative propionic acid differentially affects survival of conidia and germ tubes of feed spoilage fungi," Jan Dijksterhuisa, Martin Meijera, Tineke van Doorna, Jos Houbrakena, Paul Bruinenbergb",2019,International Journal of Food Microbiology 306 (2019) 108258,0
Dijksterhuis et al 2024 Int J Food Microbiol 422 110802.pdf," Synergistic antifungal effects of the preservative ammonium propionate and medium chain fatty acids against dormant and germinating conidia, germ tubes and hyphae of Aspergillus chevalieri, a feed spoilage fungus"," Jan Dijksterhuisa, Pim Kleinhovenb, Sandra van Kuijkb, Anouk H.G. Woltersc, Paul G. Bruinenbergd",2024,International Journal of Food Microbiology 422 (2024) 110802,0
Dijksterhuis Houbraken Chapter The Mycota 2025.pdf,Fungal Spoilage of Crops and Food,Jan Dijksterhuis and Jos Houbraken,2025,The Mycota 2025,1
ELKE VAN NIEUWENHUIJZEN THESIS 20180815.pdf,A study of natural fungal-based wood finishes,Elke Janna van Nieuwenhuijzen,2018,PhD thesis,0
Frisvad et al 1990 Persoonia 14 177-182.pdf,"A new species of penicillium, P. scabrosum",Frisvad et al,1990,Persoonia,0
Frisvad et al 1990 Persoonia 14 209-232.pdf,Disposition of recently described species of penicillium,Frisvad et al.,1990,Persoonia,0
Frisvad et al 2006 Adv. Food Mycology 33-46.pdf, RECOMMENDATIONS CONCERNING THE CHRONIC PROBLEM OF  MISIDENTIFICATION OF  MYCOTOXIGENIC FUNGI ASSOCIATED WITH FOODS AND FEEDS,"Jens C. Frisvad, Kristian F. Nielsen and Robert A. Samson",2006,Adv. Food Mycology,0
Frisvad Samson Syst. Appl. Microbiol. 27 2004.pdf,"Emericella venezuelensis, a New Species With Stellate Ascospores Producing Sterigmatocystin and Aflatoxin B1",Jens C. Frisvad and Robert A. Samson,2004,"System. Appl. Microbiol. 27, 672–680 (2004)",0
Gams 1978 Persoonia 10 97-112.pdf,Connected and disconnected chains of phialoconidia and sagenomella gen. nov. segregrated from acremonium,Gams,1978,Persoonia,0
Gams et al 1984 Persoonia 12 135-147.pdf,The hyphomycete genus engyodontium a link between verticillium and aphanocladium,Gams et al.,1984,Persoonia,0
Hawksworth 1975 Persoonia 8 167-185.pdf,"Farrowia, a new genus in the chaetomiaceae",Hawksworth,1975,Persoonia,0
Hermans and Houbraken 2013 Mushroom Business 61 8-10.pdf,Smokey Mould: the smoke screen lifts,Hermans and Houbraken,2013,Mushroom Business 61 8-10,1
Hermans and Houbraken 2013 Paddestoelen 5 4-6.pdf,Smokey Mould: het rookgordijn trekt op,Mushroom Business 61 8-10,2013,Paddestoelen 5 4-6,0
Houbraken & Dyer 2014 Gen Trans Syst Fung vol 2 23-46.pdf,Induction of the Sexual Cycle in Filamentous Ascomycetes,Jos Houbraken and Paul S. Dyer,2014, Gen Trans Syst Fung vol 2 23-46,1
Houbraken & Samson 2006 Adv in Food Microbiol 571 107-111.pdf,STANDARDIZATION OF METHODS FOR DETECTING HEAT RESISTANT FUNGI,Jos Houbraken and Robert A. Samson,2006,Adv. Food Mycology,1
Houbraken & Samson 2017 COFS 17 84-88.pdf, Current taxonomy and identification of foodborne fungi,Jos Houbraken and Robert A. Samson,2017,"Current Opinion in Food Science 2017, 17:84–88",1
Houbraken 2022 Encyclopedia Dairy Sciences_book chapter.pdf,Aspergillus flavus,Jos Houbraken,2022,Encyclopedia Dairy Sciences_book chapter,1
Houbraken and Samson 2011 SIM70 1-51.pdf, Phylogeny of Penicillium and the segregation of Trichocomaceae into three families," J. Houbraken, and R.A. Samson",2011,Studies in Mycology 70: 1–51,1
Houbraken et al 2006 Adv Food Mycology 211-224.pdf, BYSSOCHLAMYS: SIGNIFICANCE OF HEAT RESISTANCE AND MYCOTOXIN  PRODUCTION,"  Jos Houbraken, Robert A. Samson and Jens C. Frisvad",2006,Adv. Food Mycology,1
Houbraken et al 2008 AEM Byssochlamys 74 1613-1619.pdf, Sexual Reproduction as the Cause of Heat Resistance in the Food Spoilage Fungus Byssochlamys spectabilis (Anamorph Paecilomyces variotii)," Jos Houbraken, János Varga, Emilia Rico-Munoz, Shawn Johnson, and Robert A. Samson",2008,"Applied and Environmental Microbiology, Mar. 2008, p. 1613–1619",1
Houbraken et al 2010 Fung diversity Epub.pdf, Taxonomy of Penicillium citrinum and related species," Jos A. M. P. Houbraken, Jens C. Frisvad, Robert A. Samson",2010,Fungal Diversity (2010) 44:117–133,1
Houbraken et al 2010 IMA Fungus 1 171-180.pdf, Sex in Penicillium series Roqueforti," Jos Houbraken, Jens C. Frisvad and Robert A. Samson",2010,IMA Fungus,1
Houbraken et al 2010 J Clin Microbiol EPUB.pdf,Identification of Paecilomyces variotii in clinical samples and settings,"Jos Houbraken, Paul E. Verweij, Anthonius J.M.M. Rijs, Andrew M. Borman, and Robert A. Samson",2010,Journal of Clinical Microbiology,1
Houbraken et al 2010 JCM 48 2754-2761.pdf, Identification of Paecilomyces variotii in Clinical Samples and Settings,"Jos Houbraken, Paul E. Verweij, Anthonius J. M. M. Rijs, Andrew M. Borman, and Robert A. Samson",2010,"Journal of Clinical Microbiology, Aug. 2010, p. 2754–2761",1
Houbraken et al 2011 IMAFungus 2 87-95.pdf, Fleming's penicillin producing strain is not Penicillium chrysogenum but P. rubens," Jos Houbraken, Jens C. Frisvad, and Robert A. Samson",2011,IMA Fungus,1
Houbraken et al 2011 Int J Syst Evol Microbiol 61 1462-1475.pdf," Penicillium araracuarense sp. nov., Penicillium elleniae sp. nov., Penicillium penarojense sp. nov., Penicillium vanderhammenii sp. nov. and Penicillium wotroi sp. nov., isolated from leaf litter"," Jos Houbraken,  Carlos A López-Quintero, Jens C. Frisvad, Teun Boekhout, Bart Theelen, Ana Esperanza Franco-Molano, and Robert A. Samson",2011,"International Journal of Systematic and Evolutionary Microbiology (2011), 61, 1462–1475 DOI 10.1099",1
Houbraken et al 2012 Ant Leeuwenhoek 101 403-421.pdf," Rasamsonia, a new genus comprising thermotolerant and thermophilic Talaromyces and Geosmithia species"," J. Houbraken,H. Spierenburg,J. C. Frisvad",2012,Ant Leeuwenhoek,1
Houbraken et al 2012 Heat resistant fungi.pdf,Diversity and biology of heat resistant fungi ,Houbraken et al,2012,,0
Houbraken et al 2012 Heat resistant fungi1.pdf,DIVERSITY AND BIOLOGY OF HEAT-RESISTANT FUNGI,"Jos Houbraken·, Jan Dijksterhuis, and Robert A. Samson",2012,Stress Response of Foodborne Microorganisms,1
Houbraken et al 2012 Persoonia 29 78-100.pdf,New penicillin-producing Penicillium species and an overview of section Chrysogena ,"J. Houbraken, J.C. Frisvad, K.A. Seifert, D.P. Overy, D.M. Tuthill, J.G. Valdez, R.A. Samson",2012,Persoonia,1
Houbraken et al 2013 JCM 51 22-30.pdf, Taxonomy and Antifungal Susceptibility of Clinically Important Rasamsonia Species,"J. Houbraken, S. Giraud, M. Meijer, S. Bertout, J. C. Frisvad, J. F. Meis, J. P. Bouchara and R. A. Samson",2013,"J. Clin. Microbiol. 2013, 51(1):22",1
Houbraken et al 2014 Adv Appl Microbiol 86 199-249.pdf, Modern Taxonomy of Biotechnologically Important Aspergillus and Penicillium Species," Jos Houbraken, Ronald P. de Vries, Robert A. Samson",2014,"Advances in Applied Microbiology, Volume 86",1
Houbraken et al 2016 Book Chapter Taxonomy of Asp.pdf,"Taxonomy of Aspergillus, Penicillium and Talaromyces and its Significance for Biotechnology","Jos Houbraken, Robert A. Samson and Neriman Yilmaz",2016,Book Chapter Taxonomy of Asp,1
Houbraken et al 2016 FEMS Microbiol Lett 363 fnv236.pdf," Aspergillus oerlinghausenensis, a new mould species closely related to A. fumigatus"," Jos Houbraken, Michael Weig, Uwe Groß, Martin Meijer and Oliver Bader",2016,"FEMS Microbiology Letters, 363",1
Houbraken et al 2016 Persoonia 36 299-314.pdf,"New sections in Penicillium containing novel species producing patulin, pyripyropens or other bioactive compounds","J. Houbraken, L. Wang, H.B. Lee, J.C. Frisvad",2016,Persoonia,1
Houbraken et al 2018 Mycological Progress Epub.pdf," Penicillium hermansii, a new species causing smoky mould in white button mushroom production",J. Houbraken & K. A. Seifert & R. A. Samson,2018,Mycological Progress,1
Houbraken et al 2020 Stud Mycol 95 5-169.pdf," Classification of Aspergillus, Penicillium, Talaromyces and related genera (Eurotiales): An overview of families, genera, subgenera, sections, series and species"," J. Houbraken, S. Kocsube, C.M. Visagie, N. Yilmaz, X.-C. Wang, M. Meijer, B. Kraak, V. Hubka, K. Bensch, R.A. Samson, and J.C. Frisvad",2020,Studies in Mycology 95: 5–169 ,1
Houbraken et al 2021 Microbiol Res Ann 10 01074-20.pdf, Recommendations To Prevent Taxonomic Misidentification of Genome-Sequenced Fungal Strains,"Jos Houbraken, Cobus M. Visagie, Jens C. Frisvad",2021,Microbiology Resource Announcements,1
Houbraken thesis_2013 8  jan press quality.pdf,"Revealing relationships in Trichocomaceae, with emphasis on Penicillium",Jos Houbraken,2013,PhD thesis,1
Hubka and Kolarik 2012 Persoonia 29 1-10.pdf,β-tubulin paralogue tubC is frequently misidentified as the benA gene in Aspergillus section Nigri taxonomy: ,"V. Hubka, M. Kolarik",2012,Persoonia,0
Hubka et al 2018 Persoonia 41 142-174.pdf,Unravelling species boundaries in the Aspergillus viridinutans complex (section Fumigati): opportunistic human and animal pathogens capable of interspecific hybridization ,"V. Hubka, V. Barrs, Z. Dudová, F. Sklenář, A. Kubátová, T. Matsuzawa, T. Yaguchi, Y. Horie, A. Nováková, J.C. Frisvad, J.J. Talbot, M. Kolařík",2018,Persoonia,0
LAB MANUAL 1_10dec18.pdf,Westerdijk Laboratory Manual Series,"Pedro W. Crous, Gerard J.M. Verkley, Johannes Z. Groenewald, and Jos Houbraken",2018,Westerdijk Fungal Biodiversity Institute,0
Lombard et al 2016 Persoonia 36 156-246.pdf,Generic hyper-diversity in Stachybotriaceae ,"L. Lombard, J. Houbraken, C. Decock, R.A. Samson, M. Meijer, M. Réblová, J.Z. Groenewald, P.W. Crous,",2016,Persoonia,1
Lombard et al 2019 Persoonia 43 1-17.pdf,Epitypification of Fusarium oxysporum – clearing the taxonomic chaos,"L. Lombard, M. Sandoval-Denis, S.C Lamprecht",2019,Persoonia,0
Paz et al 2017 Persoonia 38 197-239.pdf,"The genus Elaphomyces (Ascomycota, Eurotiales): a ribosomal DNA-based phylogeny and revised systematics of European ‘deer truffles’","A. Paz, J.-M. Bellanger, C. Lavoise, A. Molia, M. Ławrynowicz, E. Larsson, I.O. Ibarguren, M. Jeppson, T. Læssøe, M. Sauve, F. Richard, P.-A. Moreau",2017,Persoonia,0
Pitt and Samson 2007 SIM 59 67-70.pdf, Nomenclatural considerations in naming species of Aspergillus and its teleomorphs, J.I. Pitt and R.A. Samson,2007,Studies in Mycology 59: 67–70,1
Rico et al Compendium chapter 22.pdf,Detection and Enumeration of Heat-resistant Molds,"E. Rico-Munoz, J. Houbraken and R. A. Samson",2014,Compendium of Methods for the Microbiological Examination of Foods,1
Rico-Munoz et al 2019 Food Microbiol 81 51-62.pdf,Mould spoilage of foods and beverages: Using the right methodology,"Emilia Rico-Munoz, Robert A. Samson, Jos Houbraken",2019,Food Microbiology 81 (2019) 51e62,1
Samson 1991 Mycopathologia 116 149-150.pdf, Problems caused by new approaches in fungal taxonomy, Robert A. Samson,1991,Mycopathologia 116: 149-150. 1991,0
Samson 1999 Contrib Microbiol Basel 2 5-20.pdf,The Genus Aspergillus with Special Regard to the Aspergillus fumigatus Group, Robert A. Samson,1999,"Brakhage AA, Jahn B, Schmidt A (eds): Aspergillus fumigatus.",0
Samson and Klopotek 1972 Archiv fur Microbiologie 85 175-180.pdf,"Scopulariopsis murina, a New Fungus from Self-Heated Compost",R. A. Samson and Agnes von KLOPOTEK,1972,"Arch. Mikrobiol. 85, 175--180 (1972)",1
Samson and Luiten 1975 Trans Br Mycol Soc 64 338-340.pdf,"ELEUTHERASCUS TUBERCULATUS, A NEW HEAT-RESISTANT ASCOMYCETE",R. A. SAMSON AND M. R. TANSEY,1975,Transactions British Mycological Society,0
Samson and Mahood 1970 Acta Bot Neerl 19 804-809.pdf,"The genus Acrophialophora (Fungi, Moniliales)",R.A. Samson and Tariq Mahmood,1970,"Acta Bot. Neerl. 19(6), December 1970",0
Samson and Mouchacca 1974 Ant Leeuwenhoek 40 121-131.pdf,Some interesting species of Emericella and Aspergillus from Egyptian desert soil,Samson and Mouchacca,1974,Ant Leeuwenhoek,0
Samson and Mouchacca 1975 Ant Leeuwenhoek 41 343-351.pdf,"Additional notes on species of Aspergillus, Eurotium and Emericella from Egypttian desert soil",Samson and Mouchacca,1975,Ant Leeuwenhoek,0
Samson and Mouchacca 1975 Can J Bot 53 1634-1639.pdf,Two new soil-borne cleistothecial ascomycetes,R.A. Samson and J. MOUCHACCA,1975,Can. J. Bot. 53: 1634-1639.,0
Samson and Seifert 1985 Adv Pen Asp Syst 397-426.pdf,THE ASCOMYCETE GENUS PENICILLIOPSIS AND ITS ANAMORPHS,Robert A. SAMSON and Keith A. SEIFERT,1985,Adv Pen Asp Syst 397-426,0
Samson and Tansey 1975 Trans Br Mycol Soc 65 512.pdf,BYSSOCHLAMYS VERRUCOSA SP.NGV.,R. A. SAMSON,1975,Transactions British Mycological Society,0
Samson et al 1977 Ant Leeuwenh 43 169-175.pdf,A taxonomic study of the Penicillium chrysogenum series,"R. A. SAMSON, R. HADLOK, AND AMELIA C. STOLK",1977,Antonie van Leeuwenhoek 43 (1977) 169-175,0
Samson et al 1977 Ant Leeuwenh 43 341-350.pdf,The taxonomy of Penicillium species from fermented cheeses,"R. A. SAMSON, CHRISTIANE ECKARDT, AND R. ORTH",1977,Antonie van Leeuwenhoek 43 (1977) 341-350,0
Samson et al 2004 SIM 49 175-200.pdf, Phylogenetic analysis of Penicillium subgenus Penicillium using partial β-tubulin sequences," Robert A. Samson ,Keith A. Seifert, Angelina F.A. Kuijpers, Jos A.M.P. Houbraken, and Jens C. Frisvad",2004,Studies in Mycology 49:175-200,1
Samson et al 2006 Med Mcyol EPUB.pdf, Old and new concepts of species differentiation in Aspergillus," ROBERT A. SAMSON, SEUNG-BEOM HONG and JENS C. FRISVAD",2006,"Medical Mycology 2006, 1 16",0
Samson et al 2007 SIM 59 129-145.pdf, Diagnostic tools to identify black aspergilli," R.A. Samson, P. Noonim,, M. Meijer, J. Houbraken, J.C. Frisvad and J. Varga,",2007,Studies in Mycology 59: 129–145,1
Samson et al 2007 Stud Mycol 59 147-203.pdf, Polyphasic taxonomy of Aspergillus section Fumigati and its teleomorph Neosartorya," R.A. Samson, S. Hong, S.W. Peterson, J.C. Frisvad and J.Varga,",2007,Studies in Mycology 59: 147–203,1
Samson et al 2009 Persoonia 22 14-27.pdf, Polyphasic taxonomy of the heat resistant ascomycete genus Byssochlamys and its Paecilomyces anamorphs," R.A. Samson, J. Houbraken, J. Varga, J.C. Frisvad",2009,Persoonia,1
Samson et al 2011 Stud. Mycol 69 39-55.pdf, New species in Aspergillus section Terrei," R.A. Samson, S.W. Peterson, J.C. Frisvad and J. Varga,",2011,Studies in Mycology 69: 39–55,1
Samson et al 2011 Stud. Mycol 70 159-183.pdf, Phylogeny and nomenclature of the genus Talaromyces and taxa accommodated in Penicillium subgenus Biverticillium," R.A. Samson,N. Yilmaz, J. Houbraken, H. Spierenburg, K.A. Seifert, S.W. Peterson, J. Varga and J.C. Frisvad",2011,Studies in Mycology 70: 159–183,1
Samson et al 2014 Stud. Mycol 78 141-173.pdf," Phylogeny, identification and nomenclature of the genus Aspergillus"," R.A. Samson, C.M. Visagie, J. Houbraken, S.-B. Hong, V. Hubka, C.H.W. Klaassen, G. Perrone, K.A. Seifert, A. Susca, J.B. Tanney, J. Varga, S. Kocsube, G. Szigeti, T. Yaguchi, and J.C. Frisvad",2014,Studies in Mycology 78: 141–173,1
Samson et al SIM50 45_61.pdf, New ochratoxin A or sclerotium producing species in Aspergillus section Nigri," Robert A. Samson, Jos A.M.P. Houbraken, Angelina F.A. Kuijpers, J. Mick Frank and Jens C. Frisvad",2004,Studies in Mycology 50:45–61,1
Samson et al Stud. Mycol 69 2011.pdf, New taxa in Aspergillus section Usti," R.A. Samson, J. Varga, M. Meijer and J.C. Frisvad",2011,Studies in Mycology 69: 81–97,1
Samson et al Taxon 66 1439-1446.pdf, Response to Pitt & Taylor 2016: Conservation of Aspergillus with A. niger as the conserved type is unnecessary and potentially disruptive," Robert A. Samson, Vit Hubka, Janos Varga, Jos Houbraken, Seung-Beom Hong, Corné H.W. Klaassen, Giancarlo Perrone, Keith A. Seifert, Donato Magistà, Cobus M. Visagie, Sandor Kocsubé, Geongi Szigeti, Takashi Yaguchi, Stephen W. Peterson & Jens C. Frisvad",2017,TAXON 66 (6) 2017: 1439–1446,0
Sandoval Denis & Crous 2018 Persoonia.pdf,Removing chaos from confusion: assigning names to common human and animal pathogens in Neocosmospora,"M. Sandoval-Denis, P.W. Crous",2018,"Persoonia 41, 2018: 109–129",0
Sandoval-Denis et al 2016 Persoonia 36 1-36.pdf,"Redefining Microascus, Scopulariopsis and allied genera","M. Sandoval-Denis, J. Gené, D.A. Sutton, J.F. Cano-Lira, G.S. de Hoog, C.A. Decock, N.P. Wiederhold, J. Guarro",2016,Persoonia,0
Segers thesis Growth of indoor fungi under changing water conditions.pdf,Growth of indoor fungi under changing water conditions,Frank Jacobus Johannes Segers,2017,PhD thesis,0
sim101Art1.pdf," Updating species diversity of Colletotrichum, with a phylogenomic overview"," F. Liu, Z.Y. Ma, L.W. Hou, Y.Z. Diao, W.P. Wu, U. Damm, S. Song, L. Cai",2022,Studies in Mycology 101: 1–56 ,1
sim101Art2.pdf, Generic boundaries in the Ophiostomatales reconsidered and revised," Z.W. de Beer, M. Procter, M.J. Wingfield, S. Marincowitz, T.A. Duong",2022,Studies in Mycology 101: 57–120 ,1
sim101Art3.pdf," Taxonomy, phylogeny and identification of Chaetomiaceae with emphasis on thermophilic species"," X.W. Wang, P.J. Han, F.Y. Bai, A. Luo, K. Bensch, M. Meijer, B. Kraak, D.Y. Han, B.D. Sun, P.W. Crous, J. Houbraken",2022,Studies in Mycology 101: 121–243 ,1
sim101Art4.pdf," Multi-locus phylogeny unmasks hidden species within the specialised spider-parasitic fungus, Gibellula (Hypocreales, Cordycipitaceae) in Thailand"," W. Kuephadungphan, B. Petcharad, K. Tasanathai, D. Thanakitpipattana, N. Kobmoo, A. Khonsanit, R.A. Samson, J.J. Luangsa-ard",2022,Studies in Mycology 101: 245–286 ,1
sim101Art5.pdf," Species diversity, systematic revision and molecular phylogeny of Ganodermataceae (Polyporales, Basidiomycota)with an emphasis on Chinese collections"," Y.-F. Sun, J.-H. Xing, X.-L. He, D.-M. Wu, C.-G. Song, S. Liu, J. Vlasák, G. Gates, T.B. Gibertoni, B.-K. Cui",2022,Studies in Mycology 101: 287–415 ,1
sim102Art1.pdf, A monograph of Aspergillus section Candidi," K. Glässnerová, F. Sklenář, Ž. Jurjevi?, J. Houbraken, T. Yaguchi, C.M. Visagie, J. Gené, J.P.Z. Siqueira, A. Kubátová, M. Kolařík, V. Hubka",2022,Studies in Mycology 102: 1–51 ,1
sim102Art2.pdf, Taxonomy of Aspergillus series Versicolores: species reduction and lessons learned about intraspecific variability," F. Sklenář, K. Glässnerová, Ž. Jurjevi?, J. Houbraken, R.A. Samson, C.M. Visagie, N. Yilmaz, J. Gené, J. Cano, A.J. Chen, A. Nováková, T. Yaguchi, M. Kolařík, V. Hubka,",2022,Studies in Mycology 102: 53–93 ,1
sim102Art3.pdf, Reducing the number of accepted species in Aspergillus series Nigri," C. Bian, Y. Kusuya, F. Sklenář, E. D’hooge, T. Yaguchi, S. Ban, C.M. Visagie, J. Houbraken, H. Takahashi, V. Hubka",2022,Studies in Mycology 102: 95–132 ,1
sim103Art1.pdf, Fungal communities in soils under global change," P. Baldrian, L. Bell-Dereske, C. Lepinay, T.  Větrovský, P. Kohout",2022,Studies in Mycology103: 1–24,1
sim103Art2.pdf," Mortierellaceae from subalpine and alpine habitats: new species of Entomortierella, Linnemannia, Mortierella, Podila and Tyroliellagen. nov."," A. Telagathoti, M. Probst, E. Mandolini, U. Peintner",2022,Studies in Mycology 103: 25–58 ,1
sim103Art3.pdf, A review of Hyphodiscaceae," L. Quijada, H.O. Baral, P.R. Johnston, K. Pärtel, J.K. Mitchell, T. Hosoya, H. Madrid, T. Kosonen, S. Helleman, E. Rubio, E. Stöckli, S. Huhtinen, D.H. Pfister L. Quijada, H.O. Baral, P.R. Johnston, K. Pärtel, J.K. Mitchell, T. Hosoya, H. Madrid, T. Kosonen, S. Helleman, E. Rubio, E. Stöckli, S. Huhtinen, D.H. Pfister",2022,Studies in Mycology103: 59–85,1
sim103Art4.pdf, Consolidation of Chloridium: new classification into eight sections with 37 species and reinstatement of the genera Gongromeriza and Psilobotrys," M. Réblová, M. Hernández-Restrepo, F. Sklenář, J. Nekvindová, K. Réblová, M. Kolařík",2022,Studies in Mycology 103: 87–212 ,1
sim104Art1.pdf, Lessons on fruiting body morphogenesis from genomes and transcriptomes of Agaricomycetes," L.G. Nagy, P.J. Vonk, M. Künzler, C. Földi, M. Virágh, R.A. Ohm, F. Hennicke, B. Bálint, Á. Csernetics, B. Hegedüs, Z. Hou, X.B. Liu, S. Nan, M. Pareek, N. Sahu, B. Szathmári, T. Varga, H. Wu, X. Yang, Z. Merényi",2023,Studies in Mycology 104: 1–85 ,1
sim104Art2.pdf," Fusarium diversity associated with diseased cereals in China, with an updated phylogenomic assessment of the genus"," S.L. Han, M.M. Wang, Z.Y. Ma, M. Raza, P. Zhao, J.M. Liang, M. Gao, Y.J. Li, J.W. Wang, D.M. Hu, L. Cai,",2023,Studies in Mycology 104: 87–148 ,1
sim105Art1.pdf, A genome-informed higher rank classification of the biotechnologically important fungal subphylum Saccharomycotina," M. Groenewald, C.T. Hittinger, K. Bensch, D.A. Opulente, X.-X. Shen, Y. Li, C. Liu, A.L. LaBella, X. Zhou, S. Limtong, S. Jindamorakot, P. Gonçalves, V. Robert, K.H. Wolfe, C.A. Rosa, T. Boekhout, N. ?adež, G. Péter, J.P. Sampaio, M.-A. Lachance, A.M. Yurkov, H.-M. Daniel, M. Takashima, K. Boundy-Mills, D. Libkind, K. Aoki, T. Sugita, A. Rokas",2023,Studies in Mycology 105: 1–22 ,1
sim105Art2.pdf, Redisposition of acremonium-like fungi in Hypocreales," L.W. Hou, A. Giraldo, J.Z. Groenewald, T. Rämä, R.C. Summerbell, G.Z. Huang, L. Cai, P.W. Crous",2023,Studies in Mycology 105: 23–203 ,1
sim105Art3.pdf, Revising Clonostachys and allied genera in Bionectriaceae," L. Zhao, J.Z. Groenewald, M. Hernández-Restrepo, H.-J. Schroers, P.W. Crous",2023,Studies in Mycology 105: 205–266 ,1
sim106Art1.pdf, In search of lost ergots: phylogenetic re-evaluation of Claviceps species in Japan and their biogeographic patterns revealed," E. Tanaka, K. Tanada, T. Hosoe, B. Shrestha,  M Kolařík, M. Liu E. Tanaka, K. Tanada, T. Hosoe, B. Shrestha, M. Kolařík, M. Liu",2023,Studies in Mycology 106: 1–39 ,1
sim106Art2.pdf, Diversity of colacosome-interacting mycoparasites expands the understanding of the evolution and ecology of Microbotryomycetes," N. Schoutteten, A. Yurkov, O. Leroux, D. Haelewaters,, D. Van Der Straeten, O. Miettinen, T. Boekhout, D. Begerow, A. Verbeken",2023,Studies in Mycology 106: 41–94 ,1
sim106Art3.pdf," The subfamily Xerocomoideae (Boletaceae, Boletales) in China"," R. Xue, X. Zhang, C. Xu, H.J. Xie L.L. Wu, Y. Wang, L.P. Tang, Y.J. Hao, K. Zhao, S. Jiang, Y. Li, Y.Y. Yang, Z. Li, Z.Q. Liang, N.K. Zeng",2023,Studies in Mycology 106: 95–197 ,1
sim106Art4.pdf, New genera and species with chloridium-like morphotype in the Chaetosphaeriales and Vermiculariopsiellales," M. Réblová, J. Nekvindová",2023,Studies in Mycology 106: 199–258 ,1
sim106Art5.pdf, Phytophthora: taxonomic and phylogenetic revision of the genus," Z.G. Abad, T.I. Burgess, T. Bourret, K. Bensch, S.O. Cacciola, B. Scanu, R. Mathew, B. Kasiborski, S. Srivastava, K. Kageyama, J.C. Bienapfl, G. Verkleij, K. Broders, L. Schena, A.J. Redford",2023,Studies in Mycology 106: 259–348 ,1
sim106Art6.pdf, Taxonomy and systematics of the fungus-growing ant associate Escovopsis (Hypocreaceae)," Q.V. Montoya, M.J.S. Martiarena, A. Rodrigues",2023,Studies in Mycology 106: 349–397 ,1
sim107Art1.pdf," A review of recently introduced Aspergillus, Penicillium, Talaromyces and other Eurotiales species"," C.M. Visagie, N. Yilmaz, S. Kocsubé, J.C. Frisvad, V. Hubka, R.A. Samson, J. Houbraken",2024,Studies in Mycology 107: 1–66 ,1
sim107Art2.pdf," Family matters inside the order Agaricales: systematic reorganization and classification of incertae sedis clitocyboid, pleurotoid and tricholomatoid taxa based on an updated 6-gene phylogeny"," A. Vizzini, P. Alvarado, G. Consiglio, M. Marchetti, J. Xu",2024,Studies in Mycology 107: 67–148 ,1
sim107Art3.pdf," The genus Fomitopsis (Polyporales, Basidiomycota) reconsidered"," V. Spirin, K. Runnel, J. Vlasák, I. Viner, M.D. Barrett, L. Ryvarden, A. Bernicchia, B. Rivoire, A.M. Ainsworth, T. Grebenc, M. Cartabia, T. Niemelä, K.-H. Larsson, O. Miettinen",2024,Studies in Mycology 107: 149–249 ,1
sim107Art4.pdf, Worldwide forest surveys reveal forty-three new species in Phytophthora major Clade 2 with fundamental implications for the evolution and biogeography of the genus and global plant biosecurity,"T Jung, I Milenković, Y Balci, J Janoušek, T Kudláček, Z Á Nagy, B Baharuddin, J Bakonyi, K D Broders, S O Cacciola, T-T Chang, N M Chi, T Corcobado, A Cravador, B Đorđević, A Durán, M Ferreira, C-H Fu, L Garcia, A Hieno, H-H Ho, C Hong, M Junaid, K Kageyama, T Kuswinanti, C Maia, T Májek, H Masuya, G Magnano di San Lio, B Mendieta-Araica, N Nasri, L S S Oliveira, A Pane, A Pérez-Sierra, A Rosmana, E Sanfuentes von Stowasser, B Scanu, R Singh, Z Stanivuković, M Tarigan, P Q Thu, Z Tomić, M Tomšovský, S Uematsu, J F Webber, H-C Zeng, F-C Zheng, C M Brasier, M Horta Jung",2024,Studies in Mycology 107: 251–388 ,1
SIM108_2024.pdf, What are the 100 most cited fungal genera? ,"Robert A. Samson, editor",2024,Studies in Mycology 108 (June 2024),1
sim109Art1.pdf, Phylogenetic diversity and morphological characterization of cordycipitaceous species in Taiwan," W.Y. Chuang, Y.C. Lin, B. Shrestha, J.J. Luangsa-ard, M. Stadler, S.S. Tzean, S. Wu, C.C. Ko , S.Y. Hsieh, M.L. Wu, S.C. Wang, T.L. Shen, H.A. Ariyawansa",2024,Studies in Mycology 109: 1–56 ,1
sim109Art2.pdf," Proposal of one new family, seven new genera and seventy new basidiomycetous yeast species mostly isolated from Tibet and Yunnan provinces, China"," Y.-L. Jiang, W.-J. Bao, F. Liu, G.-S. Wang, A.M. Yurkov, Q. Ma, Z.-D. Hu, X.-H. Chen, W.-N. Zhao, A.-H. Li, Q.-M. Wang",2024,Studies in Mycology 109: 57–153 ,1
sim109Art3.pdf, Sporocadaceae revisited," P. Razaghi, M. Raza, S.L. Han, Z.Y. Ma, L. Cai, P. Zhao, Q. Chen, D. Phurbu, F. Liu,",2024,Studies in Mycology 109: 155–272 ,1
sim109Art4.pdf, New Mucorales from opposite ends of the world," T.T.T. Nguyen, A.L.C.M. de A. Santiago, J.E. Hallsworth, T.R.L. Cordeiro, K. Voigt, P.M. Kirk, P.W. Crous, M.A.M. Júnior, C. Elsztein, H.B. Lee",2024,Studies in Mycology 109: 273–321 ,1
sim109Art5.pdf, Cytospora: an important genus of canker pathogens," L. Lin, X.L. Fan, J.Z. Groenewald, F. Jami, M.J. Wingfield,H. Voglmayr, W. Jaklitsch, L.A. Castlebury, C.M. Tian, P.W. Crous",2024,Studies in Mycology 109: 323–401 ,1
sim109Art6.pdf, Known from trees and the tropics: new insights into the Fusarium lateritium species complex," M.M. Costa, M. Sandoval-Denis, G.M. Moreira, H. Kandemir, A. Kermode, A.G. Buddie, M.J. Ryan, Y. Becker, A. Yurkov, W. Maier, J.Z. Groenewald, L.H. Pfenning, P.W. Crous,",2024,Studies in Mycology 109: 403–450 ,1
sim109Art7.pdf," Examination of mycoparasites reveals a new type of host-parasite interface and rearranges the taxonomy of Occultifur and Microsporomyces (Cystobasidiomycetes, Basidiomycota)"," N. Schoutteten, A. Yurkov, V. Spirin, A. Savchenko, M.C. Aime, D. Begerow, A. Verbeken",2024,Studies in Mycology 109: 451–486 ,1
sim109Art8.pdf," Diaporthe species on palms – integrative taxonomic approach for species boundaries delimitation in the genus Diaporthe, with the description of D. pygmaeae sp. nov."," D.S. Pereira, A.J.L. Phillips D.S. Pereira, A.J.L. Phillips",2024,Studies in Mycology 109: 487–594 ,1
sim109Art9.pdf," Phylogeny, evolution and a re-classification of the Lichinomycetes"," M. Prieto, M. Wedin, M. Schultz M. Prieto, M. Wedin, M. Schultz",2024,Studies in Mycology 109: 595–655 ,1
sim45_01_intro.pdf,"Molecules, morphology and classification: Towards monophyletic genera in the Ascomycetes","Keith A Seifert, W. Gams, Pedro W. Crous and Gary J. Samuels",2000,Studies in Mycology,1
sim45_02_005-018.pdf,How should we look at anamorphs?,Keith A Seifert and Gary J. Samuels,2000,Studies in Mycology,1
sim45_03_019-026.pdf,,,2000,Studies in Mycology,1
sim45_04_027-034.pdf,,,2000,Studies in Mycology,1
sim45_05_035-044.pdf,,,2000,Studies in Mycology,1
sim45_06_045-062.pdf,,,2000,Studies in Mycology,1
sim45_07_063-082.pdf,,,2000,Studies in Mycology,1
sim45_08_083-094.pdf,,,2000,Studies in Mycology,1
sim45_09_095-105.pdf,,,2000,Studies in Mycology,1
sim45_10_107-121.pdf,,,2000,Studies in Mycology,1
sim45_12_129-140.pdf,,,2000,Studies in Mycology,1
sim45_13_141-148.pdf,,,2000,Studies in Mycology,1
sim45_14_169-186.pdf,,,2000,Studies in Mycology,1
sim45_15_187-199.pdf,,,2000,Studies in Mycology,1
sim45_16_201-207.pdf,,,2000,Studies in Mycology,1
sim45_17_209-222.pdf,,,2000,Studies in Mycology,1
sim45_18_afterword.pdf,,,2000,Studies in Mycology,1
sim45_Frisvad & Samson SIM 45 2000.pdf,,,2000,Studies in Mycology,1
sim46_part1_1_96.pdf," A monograph of Bionectria (Ascomycota, Hypocreales, Bionectriaceae) and its Clonostachys anamorphs", Hans-Josef Schroers,2001,Studies in Mycology,1
sim46_part2_97_206.pdf,,,2001,Studies in Mycology,1
sim46_part3_207-215.pdf,"Nectriella pironii and its Kutilakesa-like anamorph, a parasite of ornamen-tal shrubs. — Mycologia : –."," ALFIERI, S.A. & SAMUELS, G.J.",2001,Studies in Mycology,1
sim48_part1.pdf," Hypocrea/Trichoderma (Ascomycota, Hypocreales, Hypocreaceae): species with green ascospores", Priscila Chaverri and Gary J. Samuels,2003,Studies in Mycology,1
sim48_part2.pdf,,,2003,Studies in Mycology,1
sim48_part3.pdf,,,2003,Studies in Mycology,1
Sim49Article1.pdf, Polyphasic taxonomy of Penicillium subgenus Penicillium A guide to identification of food and air-borne terverticillate Penicillia and their mycotoxins, Jens C. Frisvad and Robert A. Samson,2004,Studies in Mycology 49: 1-174,1
Sim49Article3.pdf," Mycotoxins, drugs and other extrolites produced by species in Penicillium subgenus Penicillium"," Jens C. Frisvad, Jørn Smedsgaard, Thomas O. Larsen and Robert A. Samson",2004,Studies in Mycology 49: 201-241,1
Sim49Article4.pdf, Classification of Terverticillate Penicillia by Electrospray Mass Spectrometric Profiling," Jørn Smedsgaard, Michael Edberg Hansen and Jens C. Frisvad",2004,Studies in Mycology 49: 243-251,1
sim50_001-Centraalbureau_voor_Schimmelcultures_hundred_years_microbial_resource_centre.pdf, Centraalbureau voor Schimmelcultures: hundred years microbial resource centre," Robert A. Samson, Huub A. van der Aa and G. Sybren de Hoog",2004,Studies in Mycology 50:1–8,1
sim50_002-Fungal_diversity_and_its_implications_for_genetic_resource_collections.pdf, Fungal diversity and its implications for genetic resource collections, David L. Hawksworth,2004,Studies in Mycology 50:9–18,1
sim50_003-MycoBank_an_online_initiative_to_launch_mycology_into_the_21st_century.pdf, MycoBank: an online initiative to launch mycology into the 21st century," Pedro W. Crous, Walter Gams, Joost A. Stalpers, Vincent Robert and Gerrit Stegehuis",2004,Studies in Mycology 50:19–22,1
sim50_004-New_ochratoxin_A_producing_species_of_Aspergillus_section_Circumdati.pdf, New ochratoxin A producing species of Aspergillus section Circumdati," Jens C. Frisvad,J. Mick Frank, Jos A.M.P. Houbraken, Angelina F.A. Kuijpers and Robert A. Samson",2004,Studies in Mycology 50:23–43,1
sim50_006-Two_new_species_of_Sphaerodes_from_Spanish_soils.pdf, Two new species of Sphaerodes from Spanish soils," Dania García, Alberto M. Stchigel and Josep Guarro",2004,Studies in Mycology 50:63–68,1
"sim50_007-Metschnikowia_similis_sp._nov._and_Metschnikowia_colocasiae_sp._nov.,_two_ascomycetous_yeasts_isolated_from_Conotelus_spp._(Coleoptera_Nitidulidae)_in_Costa_Rica.pdf"," Metschnikowia similis sp. nov. and Metschnikowia colocasiae sp. nov., two ascomycetous yeasts isolated from Conotelus spp. (Coleoptera: Nitiduli-dae) in Costa Rica", Marc-André Lachance and Jane M. Bowles,2004,Studies in Mycology 50:69–76,1
sim50_008-A_new_species_of_Achaetomium_from_Indian_soil.pdf, A new species of Achaetomium from Indian soil," Kendra Rodríguez, Alberto M. Stchigel, José F. Cano and Josep Guarro∗",2004,Studies in Mycology 50:77–82,1
"sim50_009-Ramophialophora,_a_new_anamorphic_genus_of_Sordariales.pdf"," Ramophialophora, a new anamorphic genus of Sordariales"," Misericordia Calduch, Josepa Gené, Alberto M. Stchigel, José F. Cano and Josep Guarro",2004,Studies in Mycology 50:83–88,1
"sim50_010-Torrubiella_piperis_sp._nov._(Clavicipitaceae,_Hypocreales),_a_new_teleomorph_of_the_Lecanicillium_complex.pdf"," Torrubiella piperis sp. nov. (Clavicipitaceae, Hypocreales), a new teleo-morph of the Lecanicillium complex"," Joseph F. Bischoff, and James F. White, Jr.",2004,Studies in Mycology 50:89–94,1
"sim50_011-Conioscyphascus,_a_new_ascomycetous_genus_for_holomorphs_with_Conioscypha_anamorphs.pdf"," Conioscyphascus, a new ascomycetous genus for holomorphs with Conioscypha anamorphs", Martina Réblová and Keith A. Seifert,2004,Studies in Mycology 50:95–108,1
sim50_012-Novel_dematiaceous_hyphomycetes.pdf, Novel dematiaceous hyphomycetes, Emory G. Simmons,2004,Studies in Mycology 50:109–118,1
"sim50_013-Chrysoporthe,_a_new_genus_to_accommodate_Cryphonectria_cubensis.pdf"," Chrysoporthe, a new genusto accommodate Cryphonectria cubensis"," Marieka Gryzenhout, Henrietta Myburg, Nicolaas A. van der Merwe, Brenda D. Wingfield and Michael J. Wingfield",2004,Studies in Mycology 50:119–142,1
"sim50_014-Coronatomyces_cubensis_gen._et_sp._nov.,_a_new_ascomycete_from_Cuban_soil.pdf"," Coronatomyces cubensis gen. et sp. nov., a new ascomycete from Cuban soil"," Dania García, Alberto M. Stchigel, José Cano and Josep Guarro",2004,Studies in Mycology 50:143–148,1
"sim50_015-Hormonema_carpetanum_sp._nov.,_a_new_lineage_of_dothideaceous_black_yeasts_from_Spain.pdf"," Hormonema carpetanum sp. nov.,a new lineage of dothideaceous black yeasts from Spain"," Gerald F. Bills, Javier Collado, Constantino Ruibal, Fernando Peláez and Gonzalo Platas",2004,Studies in Mycology 50:149–157,1
sim50_016-Three_new_species_of_Oidiodendron_Robak_from_Spain.pdf, Three new species of Oidiodendron Robak from Spain," Misericordia Calduch, Josepa Gené, José Cano, Alberto M. Stchigel & Josep Guarro",2004,Studies in Mycology 50:159–170,1
sim50_017-Four_new_species_of_Chaetosphaeria_from_New_Zealand_and_redescription_of_Dictyochaeta_fuegiana.pdf, Four new species of Chaetosphaeria from New Zealand and redescription of Dictyochaeta fuegiana, Martina Réblová,2004,Studies in Mycology 50:171–186,1
"sim50_018-Prosopidicola_mexicana_gen._et._sp._nov.,_causing_a_new_pod_disease_of_Prosopis_species.pdf"," Prosopidicola mexicana gen. et. sp. nov., causing a new pod disease of Prosopis species"," Cheryl L. Lennox, Maryna Serdani,Johannes Z. Groenewald and Pedro W. Crous",2004,Studies in Mycology 50:187–194,1
sim50_019-Phylogenetic_reassessment_of_Mycosphaerella_spp._and_their_anamorphs_occurring_on_Eucalyptus.pdf, Phylogenetic reassessment of Mycosphaerella spp. and their anamorphs occurring on Eucalyptus," Pedro W. Crous, Johannes Z. Groenewald, J. Pedro Mansilla, Gavin C. Hunter and Michael J. Wing-field",2004,Studies in Mycology 50:195–214,1
sim50_020-Two_new_species_of_Chaetomidium_(Sordariales).pdf, Two new species of Chaetomidium (Sordariales)," Alberto M. Stchigel, Josep Guarro, Victoria Jato and María J. Aira",2004,Studies in Mycology 50:215–220,1
"sim50_021-Spirosphaera_cupreorufescens_sp._nov.,_a_rare_aeroaquatic_fungus.pdf"," Spirosphaera cupreorufescens sp. nov., a rare aeroaquatic fungus", Hermann Voglmayr,2004,Studies in Mycology 50:221–228,1
sim50_022-Hapalocystis_occidentalis_-_a_new_species_of_Diaporthales_from_North_America_and_a_key_to_the_species_of_Hapalocystis.pdf, Hapalocystis occidentalis - a new species of Diaporthales from North America and a key to the species of Hapalocystis, Walter M. Jaklitsch and Hermann Voglmayr,2004,Studies in Mycology 50:229–234,1
"sim50_023-Phylogenetic_reassessment_of_the_coelomycete_genus_Harknessia_and_its_teleomorph_Wuestneia_(Diaporthales),_and_the_introduction_of_Apoharknessia_gen._nov..pdf"," Phylogenetic reassessment of the coelomycete genus Harknessia and its teleomorph Wuestneia (Diaporthales), and the introduction of Apoharknessia gen. nov."," Seonju Lee, Johannes Z. Groenewald and Pedro W. Crous",2004,Studies in Mycology 50:235–252,1
"sim50_024-Emarcea_castanopsidicola_gen._et_sp._nov._from_Thailand,_a_new_xylariaceous_taxon_based_on_morphology_and_DNA_sequences.pdf"," Emarcea castanopsidicola gen. et sp. nov. from Thailand, a new xylariaceous taxon based on morphology and DNA sequences"," Lam. M. Duong, Saisamorn Lumyong, Kevin D. Hyde, and Rajesh Jeewon",2004,Studies in Mycology 50:253–260,1
"sim50_025-Gibberella_gaditjirrii_(Fusarium_gaditjirrii)_sp._nov.,_a_new_species_from_tropical_grasses_in_Australia.pdf"," Gibberellagaditjirrii (Fusariumgaditjirrii) sp. nov., a new species from tropical grasses in Australia"," Hien T. Phan, Lester W. Burgess, Brett A. Summerell, Suzanne Bullock, Edward C.Y. Liew, Jillian L. Smith-White and John R. Clarkson",2004,Studies in Mycology 50:261–272,1
"sim50_026-Ceratocystis_polychroma_sp._nov.,_a_new_species_from_Syzygium_aromaticum_in_Sulawesi.pdf"," Ceratocystis polychroma sp. nov.,a new species from Syzygium aromaticum in Sulawesi"," Marelize van Wyk, Jolanda Roux, Irene Barnes, Brenda D. Wingfield, Edward C.Y. Liew, B. Assa,Brett A. Summerell and Michael J. Wingfield",2004,Studies in Mycology 50:273–282,1
"sim50_027-A_new_Acremonium_species_associated_with_Fucus_spp.,_and_its_affinity_with_a_phylogenetically_distinct_marine_Emericellopsis_clade.pdf"," A new Acremonium species associated with Fucus spp., and its affinity with a phylogenetically distinct marine Emericellopsis clade"," Alga Zuccaro, Richard C. Summerbell, Walter Gams, Hans-Josef Schroers and Julian I. Mitchell",2004,Studies in Mycology 50:283–297,1
"sim50_028-New_and_interesting_species_of_Monascus_from_soil,_with_a_key_to_the_known_species.pdf"," New and interesting species of Monascus from soil, with a key to the known species"," Alberto M. Stchigel, José F. Cano, Samir K. Abdullah and Josep Guarro",2004,Studies in Mycology 50:299–306,1
sim50_029-Two_new_ascomycetes_with_long_gelatinous_appendages_collected_from_monocots_in_the_tropics.pdf, Two new ascomycetes with long gelatinous appendages collected from monocots in the tropics, André Aptroot,2004,Studies in Mycology 50:307–311,1
"sim50_030-Lasiodiplodia_gonubiensis_sp._nov.,_a_new_Botryosphaeria_anamorph_from_native_Syzygium_cordatum_in_South_Africa.pdf"," Lasiodiplodiagonubiensis sp. nov., a new Botryosphaeria anamorph from native Syzygium cordatum inSouth Africa"," Draginja Pavlic, Bernard Slippers, Teresa A. Coutinho, Marieka Gryzenhout and Michael J. Wingfield",2004,Studies in Mycology 50:313–322,1
"sim50_031-Paraconiothyrium,_a_new_genus_to_accommodate_the_mycoparasite_Coniothyrium_minitans,_anamorphs_of_Paraphaeosphaeria,_and_four_new_species.pdf"," Paraconiothyrium, a new genus to accommodate the mycoparasite Coniothyrium minitans, anamorphs of Paraphaeosphaeria,and four new species"," Gerard J.M. Verkley, Manuela da Silva, Donald T. Wicklow and Pedro W. Crous",2004,Studies in Mycology 50:323–335,1
"sim50_032-Helicomyxa_everhartioides,_a_new_helicosporous_sporodochial_hyphomycete_from_Taiwan_with_relationships_to_the_Hyaloriaceae_(Auriculariales,_Basidiomycota).pdf"," Helicomyxa everhartioides, a new helicosporous sporodochial hyphomy-cete from Taiwan with relationships to the Hyaloriaceae (Auriculariales, Basidiomycota)", Roland Kirschnerand Chee-Jen Chen,2004,Studies in Mycology 50:337–342,1
sim50_033-Speciation_and_distribution_of_Botryosphaeria_spp._on_native_and_introduced_Eucalyptus_trees_in_Australia_and_South_Africa.pdf, Speciation and distribution of Botryosphaeria spp. on native and introduced Eucalyptus trees in Australia and South Africa," Bernard Slippers, Gerda Fourie, Pedro W. Crous, Teresa A. Coutinho, Brenda D. Wingfield, Angus J. Carnegie and Michael J. Wingfield",2004,Studies in Mycology 50:343–358,1
"sim50_034-Lachancea_meyersii_sp._nov.,_an_ascosporogenous_yeast_from_mangrove_regions_in_the_Bahama_Islands.pdf"," Lachancea meyersii sp. nov., an ascosporogenous yeast from mangrove regions in the Bahama Islands"," Jack W. Fell, Adele Statzell-Tallman and Cletus P. Kurtzman",2004,Studies in Mycology 50:359–363,1
"sim50_035-Ceratocystis_bhutanensis_sp._nov.,_associated_with_the_bark_beetle_Ips_schmutzenhoferi_on_Picea_spinulosa_in_Bhutan.pdf"," Ceratocystis bhutanensis sp. nov., associated with the bark beetle Ips schmutzenhoferi on Picea spinulosa in Bhutan"," Marelize van Wyk, Jolanda Roux, Irene Barnes, Brenda D. Wingfield, Dal Bahadur Chhetri, Thomas Kirisits and Michael J. Wingfield",2004,Studies in Mycology 50:365–379,1
"sim50_036-Flammispora_gen._nov.,_a_new_freshwater_ascomycete_from_decaying_palm_leaves.pdf"," Flammispora gen. nov., a new freshwater ascomycete from decaying palm leaves"," Umpava Pinruan, Jariya Sakayaroj, E.B. Gareth Jones and Kevin D. Hyde",2004,Studies in Mycology 50:381–386,1
"sim50_037-Pleurostomophora,_an_anamorph_of_Pleurostoma_(Calosphaeriales),_a_new_anamorph_genus_morphologically_similar_to_Phialophora.pdf"," Pleurostomophora, an anamorph of Pleurostoma (Calosphaeriales), a new anamorph genus morphologically similar to Phialophora"," Dhanasekaran Vijaykrishna, Lizel Mostert, Rajesh Jeewon, Walter Gams, Kevin D. Hyde and Pedro W. Crous",2004,Studies in Mycology 50:387–395,1
"sim50_038-Tetrapisispora_fleetii_sp._nov.,_a_new_member_of_the_Saccharomycetaceae.pdf"," Tetrapisispora fleetii sp. nov., a new member of the Saccharomycetaceae"," Cletus P. Kurtzman, Adele Statzell-Tallman and Jack W. Fell",2004,Studies in Mycology 50:397–400,1
"sim50_039-Hypocrea_flaviconidia,_a_new_species_from_Costa_Rica_with_yellow_conidia.pdf"," Hypocrea flaviconidia, a new species from Costa Rica with yellow conidia"," Irina S. Druzhinina, Priscila Chaverri, Payam Fallah, Christian P. Kubicek and Gary J. Samuels",2004,Studies in Mycology 50:401–407,1
"sim50_040-Acremonium_exuviarum_sp._nov.,_a_lizard-associated_fungus_with_affinity_to_Emericellopsis.pdf"," Acremonium exuviarum sp. nov., a lizard-associated fungus with affinity to Emericellopsis"," Lynne Sigler, Alga Zuccaro, Richard C. Summerbell, Julian Mitchell and Jean A. Paré",2004,Studies in Mycology 50:409–413,1
sim50_041-Calonectria_species_and_their_Cylindrocladium_anamorphs_species_with_sphaeropedunculate_vesicles.pdf, Calonectria species and their Cylindrocladium anamorphs: species with sphaeropedunculate vesicles," Pedro W. Crous, Johannes Z. Groenewald, Jean-Michel Risède,Philippe Simoneau and Nigel L. Hywel-Jones",2004,Studies in Mycology 50:415–430,1
sim50_042-Novel_species_of_Cylindrocarpon_(Neonectria)_and_Campylocarpon_gen._nov._associated_with_black_foot_disease_of_grapevines_(Vitis_spp.).pdf, Novel species of Cylindrocarpon (Neonectria) and Campylocarpon gen. nov.associated with black foot disease of grapevines (Vitis spp.)," Francois Halleen, Hans-Josef Schroers, Johannes Z. Groenewald and Pedro W. Crous",2004,Studies in Mycology 50:431–455,1
sim50_043-Cryptic_speciation_and_host_specificity_among_Mycosphaerella_spp.occurring_on_Australian_Acacia_species_grown_as_exotics_in_the_tropics.pdf, Cryptic speciation and host specificity among Mycosphaerella spp. occurring on Australian Acacia species grown as exotics in the tropics," Pedro W. Crous, Johannes Z. Groenewald, Krisna Pongpanich, Winanda Himaman, Mahdi Arzanlou, Michael J. Wingfield",2004,Studies in Mycology 50:457–469,1
"sim50_044-Passalora_perplexa,_an_important_pleoanamorphic_leaf_blight_pathogen_of_Acacia_crassicarpa_in_Australia_and_Indonesia.pdf"," Passaloraperplexa, an important pleoanamorphic leaf blight pathogen of Acacia crassicarpa in Australia and Indonesia"," Vyrna C. Beilharz, Ian G. Pascoe, Michael J. Wingfield, Budi Tjahjono and Pedro W. Crous",2004,Studies in Mycology 50:471–479,1
sim50_045-New_species_of_Pythium_and_Phytophthora.pdf, New species of Pythium and Phytophthora, Arthur W.A.M. de Cock and C. André Lévesque,2004,Studies in Mycology 50:481–487,1
sim50_046-Ribosomal_gene_phylogeny_and_species_delimitation_in_Geotrichum_and_its_teleomorphs.pdf, Ribosomal gene phylogeny and species delimitation in Geotrichum and its teleomorphs," G. Sybren de Hoog, and Maudy Th. Smith",2004,Studies in Mycology 50:489–515,1
"sim50_047-Penicillium_cecidicola,_a_new_species_on_cynipid_insect_galls_on_Quercus_pacifica_in_the_western_United_States.pdf"," Penicillium cecidicola, a new species on cynipid insect galls on Quercus pacifica in the western United States"," Keith A. Seifert, Ellen S. Hoekstra, Jens C. Frisvad and Gerry Louis-Seize",2004,Studies in Mycology 50:517–523,1
sim50_048-Mating_patterns_and_ITS_sequences_distinguish_the_sclerotial_species_Arachnomyces_glareosus_sp._nov._and_Onychocola_sclerotica.pdf, Mating patterns and ITS sequences distinguish the sclerotial species Arachnomyces glareosus sp. nov. and Onychocola sclerotica," Connie Fe C. Gibas, Lynne Sigler and Randolph S. Currah",2004,Studies in Mycology 50:525–531,1
"sim50_049-New_genera_in_the_Calosphaeriales_Togniniella_and_its_anamorph_Phaeocrella,_and_Calosphaeriophora_as_anamorph_of_Calosphaeria.pdf"," New genera in the Calosphaeriales: Togniniella and its anamorph Phaeocrella, and Calosphaeriophora as anamorph of Calosphaeria"," Martina Réblová, Lizel Mostert, Walter Gams and Pedro W. Crous",2004,Studies in Mycology 50:533–550,1
"sim50_050-Multigene_phylogenies_reveal_that_red_band_needle_blight_of_Pinus_is_caused_by_two_distinct_species_of_Dothistroma,_D._septosporum_and_D._pini.pdf"," Multigene phylogenies reveal that red band needle blight of Pinus is caused by two distinct species of Dothistroma, D. septosporum and D. pini"," Irene Barnes, Pedro W. Crous, Brenda D. Wingfield and Michael J. Wingfield",2004,Studies in Mycology 50:551–565,1
"sim50_051-A_new_species_of_Mortierella,_and_an_associated_sporangiiferous_mycoparasite_in_a_new_genus,_Nothadelphia.pdf"," A new species of Mortierella, and an associated sporangiiferous mycoparasite in a new genus, Nothadelphia", Yousuke Degawa and Walter Gams,2004,Studies in Mycology 50:567–572,1
"sim51_01_Fungi_at_the_edge_of_life,_cryptoendolithic_black_fungi_from_Antarctic_desert.pdf", Fungi at the edge of life: cryptoendolithic black fungi from Antarctic desert," L. Selbmann, G.S. de Hoog, A. Mazzaglia, E.I. Friedmann and S. Onofri",2005,Studies in Mycology 51:1–32,1
"sim51_02_Evolution,_taxonomy_and_ecology_of_the_genus_Thelebolus_in_Antarctica.pdf"," Evolution, taxonomy and ecology of the genus Thelebolus in Antarctica"," G.S. de Hoog, E. Göttlich, G. Platas, O. Genilloud, G. Leotta and J. van Brummelen",2005,Studies in Mycology 51:33–76,1
SIM52_2005.pdf," Phylogenetic relationships and morphology of Cytospora species and related teleomorphs (Ascomycota,   Diaporthales, Valsaceae) from Eucalyptus",,2005,Studies in Mycology 52,1
"sim53_01_Meliniomyces,_a_new_anamorph_genus_for_root-associated_fungi_with_phylogenetic_affinities_to_Rhizoscyphus_ericae_(=Hymenoscyphus_ericae),_Leotiomycetes.pdf"," Meliniomyces, a new anamorph genus for root-associated fungi with phylogenetic affinities to Rhizoscyphus ericae (? Hymenoscyphus ericae), Leotiomycetes", Sarah Hambleton and Lynne Sigler,2005,Studies in Mycology 53: 1–27,1
"sim53_02_Leohumicola,_a_new_genus_of_heat-resistant_hyphomycetes.pdf","Leohumicola, a new genus of heat-resistant hyphomycetes","Sarah Hambleton, Nancy L. Nickerson, and Keith A. Seifert",2005,Studies in Mycology 53: 29-52,1
sim53_03_Two_new_Cryptosporiopsis_species_from_roots_of_ericaceous_hosts_in_western_North_America.pdf, Two new Cryptosporiopsis species from roots of ericaceous hosts in western North America," Lynne Sigler, Tamara Allan, Sea Ra Lim, Shannon Berch and Mary Berbee",2005,Studies in Mycology 53: 53–62,1
sim53_04_Utility_of_a_cultural_method_for_identification_of_the_ericoid_mycobiont_Oidiodendron_maius_confirmed_by_ITS_sequence_analysis.pdf, Utility of a cultural method for identification of the ericoid mycobiont Oidiodendron maius confirmed by ITS sequence analysis, Lynne Sigler and Connie Fe C. Gibas,2005,Studies in Mycology 53: 63–74,1
sim53_05_Profiles_from_Biolog_FF_plates_and_morphological_characteristics_support_the_recognition_of_Oidiodendron_fimicola_sp._nov..pdf, Profiles from Biolog FF plates and morphological characteristics support the recognition of Oidiodendron fimicola sp. nov., Adrianne V. Rice and Randolph S. Currah,2005,Studies in Mycology 53: 75–82,1
"sim53_06_Oidiodendron,_A_survey_of_the_named_species_and_related_anamorphs_of_Myxotrichum.pdf", Oidiodendron: A survey of the named species and related anamorphs of Myxotrichum, Adrianne V. Rice and Randolph S. Currah,2005,Studies in Mycology 53: 83–120,1
"sim53_07_Root_endophyte_and_mycorrhizosphere_fungi_of_black_spruce,_Picea_mariana,_in_a_boreal_forest_habitat,_influence_of_site_factors_on_fungal_distributions.pdf"," Root endophyte and mycorrhizosphere fungi of black spruce, Picea mariana, in a boreal forest habitat:influence of site factors on fungal distributions", Richard C. Summerbell,2005,Studies in Mycology 53: 121–145,1
"sim53_08_Diversity_of_symbiotic_root_endophytes_of_the_Helotiales_in_ericaceous_plants_and_the_grass,_Deschampsia_flexuosa.pdf"," Diversity of symbiotic root endophytes of the Helotiales in ericaceous plants and the grass, Deschampsia flexuosa"," Jantineke D. Zijlstra, Pieter Van ’t Hof, Jacqueline Baar, Gerard J.M. Verkley, Richard C. Summerbell, Istvan Paradi, Wim G. Braakhekke and Frank Berendse",2005,Studies in Mycology 53: 147–162,1
"sim53_09_Protocorm_mycobionts_of_the_Federally_threatened_eastern_prairie_finged_orchid,_Platanthera_leucophea_(Nutt.)_Lindley,_and_a_technique_to_prompt_leaf_elongation_in_seedlings.pdf"," Protocorm mycobionts of the Federally threatened eastern prairie fringed orchid, Platanthera leucophaea (Nutt.) Lindley, and a technique to prompt leaf elongation in seedlings"," Lawrence W. Zettler, Kurt A. Piskin, Scott L. Stewart, Jared J. Hartsock, Marlin L. Bowles and Timothy J. Bell,",2005,Studies in Mycology 53: 163–171,1
sim53_10_Seeking_the_elusive_function_of_the_root-colonising_dark_septate_endophytic_fungi.pdf, Seeking the elusive function of the root-colonising dark septate endophytic fungi, Keerthi Mandyam and Ari Jumpponen,2005,Studies in Mycology 53: 173–189,1
"sim53_11_From_Lamarckian_fertilizers_to_fungal_castles,_recapturing_the_pre-19856_literature_on_endophytic_and_saprotrophic_fungi_associated_with_ectomycorrhizal_root_systems.pdf", From Lamarckian fertilizers to fungal castles: recapturing the pre-1985 literature on endophytic and saprotrophic fungi associated with ectomycorrhizal root systems, Richard C. Summerbell,2005,Studies in Mycology 53: 191–256,1
sim54_01_Taxonomy_and_Pathology_of_Togninia_(Diaporthales)_and_its_Phaeoacremonium_Anamorphs.pdf,Taxonomy and Pathology of Togninia (Diaporthales) and its Phaeoacremonium Anamorphs,"Lizel Mostert, Johannes Z. Groenewald, Richard C. Summerbell, Walter Gams, Pedro W. Crous",2006,"Studies in Mycology 54, 2006, Pages 1-113",1
"sim55_01_The_South_African_National_Collection_of_Fungi,_celebrating_a_centenary_1905-2005.pdf", The South African National Collection of Fungi: celebrating a centenary 1905-2005, Isabella H. Rong and Alice P. Baxter,2006,Studies in Mycology 55: 1–12,1
sim55_02_How_many_species_of_fungi_are_there_at_the_tip_of_Africa.pdf, How many species of fungi are there at the tip of Africa?," Pedro W. Crous, Isabella H. Rong, Alan Wood, Seonju Lee, Hugh Glen, Wilhelm Botha, Bernard Slippers, Wilhelm Z. de Beer, Michael J.Wingfi eldand David L. Hawksworth",2006,Studies in Mycology 55: 13–33,1
"sim55_03_Microthia,_Holocryphia_and_Ursicollum,_three_new_genera_on_Eucalyptus_and_Coccoloba_for_fungi_previously_known_as_Cryphonectria.pdf"," Microthia, Holocryphia and Ursicollum, three new genera on Eucalyptus and Coccoloba for fungi previously known as Cryphonectria"," Marieka Gryzenhout, Henrietta Myburg, Charles S. Hodges, Brenda D. Wingfield and Michael J. Wingfield",2006,Studies in Mycology 55: 35–52,1
"sim55_04_Eucalyptus_microfungi_known_from_culture._1._Cladoriella_and_Fulvoflamma_genera_nova,_with_notes_on_some_other_poorly_known_taxa.pdf"," Eucalyptus microfungi known from culture. 1. Cladoriella and Fulvoflamma genera nova, with notes on some other poorly known taxa"," Pedro W. Crous, Gerard J.M. Verkley and Johannes Z. Groenewald",2006,Studies in Mycology 55: 53–63,1
sim55_05_Characterisation_of_Phomopsis_spp._associated_with_die-back_of_rooibos_(Aspalathus_linearis)_in_South_Africa.pdf, Characterisation of Phomopsis spp. associated with die-back of rooibos (Aspalathuslinearis) in South Africa," Johan C. Janse van Rensburg, Sandra C. Lamprecht, Johannes Z. Groenewald, Lisa A. Castlebury and Pedro W. Crous",2006,Studies in Mycology 55: 65–74,1
sim55_06_Multi-gene_phylogenies_define_Ceratocystiopsis_and_Grosmannia_distinct_from_Ophiostoma.pdf, Multi-gene phylogenies define Ceratocystiopsis and Grosmannia distinct from Ophiostoma," Renate D. Zipfel, Z. Wilhelm de Beer, Karin Jacobs, Brenda D. Wingfield and Michael J. Wingfield",2006,Studies in Mycology 55: 75–97,1
sim55_07_Phylogenetic_reassessment_of_Mycosphaerella_spp._and_their_anamorphs_occurring_on_Eucalyptus._II..pdf, Phylogenetic reassessment of Mycosphaerella spp. and their anamorphs occurring on Eucalyptus. II.," Pedro W. Crous, Michael J. Wingfield, J. Pedro Mansilla, Acelino C. Alfenas and Johannes Z. Groenewald",2006,Studies in Mycology 55: 99–131,1
sim55_08_Multi-gene_phylogenies_and_phenotypic_characters_distinguish_two_species_within_the_Colletogloeopsis_zuluensis_complex_associated_with_Eucalyptus_stem_cankers.pdf, Multi-gene phylogenies and phenotypic characters distinguish two species within the Colletogloeopsiszuluensis complex associated with Eucalyptus stem cankers," Maria-Noel Cortinas, Pedro W. Crous, Brenda D. Wingfield and Michael J. Wingfield",2006,Studies in Mycology 55: 133–146,1
sim55_09_A_multi-gene_phylogeny_for_species_of_Mycosphaerella_occurring_on_Eucalyptus_leaves.pdf, A multi-gene phylogeny for species of Mycosphaerella occurring on Eucalyptus leaves," Gavin C. Hunter, Brenda D. Wingfield, Pedro W. Crous and Michael J. Wingfield",2006,Studies in Mycology 55: 147–161,1
"sim55_10_Re-evaluating_the_taxonomic_status_of_Phaeoisariopsis_griseola,_the_causal_agent_of_angular_leaf_spot_of_bean.pdf"," Re-evaluating the taxonomic status of Phaeoisariopsisgriseola, the causal agent of angular leaf spot of bean"," Pedro W. Crous, Merion M. Liebenberg, Uwe Braun and Johannes Z. Groenewald",2006,Studies in Mycology 55: 163–173,1
sim55_11_Pestalotioid_fungi_from_Restionaceae_in_the_Cape_Floral_Kingdom.pdf, Pestalotioid fungi from Restionaceae in the Cape Floral Kingdom," Seonju Lee, Pedro W. Crous and Michael J. Wingfield",2006,Studies in Mycology 55: 175–187,1
sim55_12_Species_of_Cercaspora_associated_with_grey_leaf_spot_of_maize.pdf, Species of Cercospora associated with grey leaf spot of maize," Pedro W. Crous, Johannes Z. Groenewald, Marizeth Groenewald, Pat Caldwell, Uwe Braun and Thomas C. Harrington",2006,Studies in Mycology 55: 189–197,1
sim55_13_Multi-gene_phylogeny_for_Ophiostoma_spp._reveals_two_new_species_from_Protea_infructescences.pdf, Multi-gene phylogeny for Ophiostoma spp. reveals two new species from Protea infructescences," Francois Roets, Z. Wilhelm de Beer, Léanne L. Dreyer, Renate Zipfel, Pedro W. Crous and Michael J. Wingfield",2006,Studies in Mycology 55: 199–212,1
"sim55_14_Calonectria_species_and_their_Cylindrocladium_anamorphs,_species_with_clavate_vesicles.pdf", Calonectria species and their Cylindrocladium anamorphs: species with clavate vesicles," Pedro W. Crous, Johannes Z. Groenewald, Jean-Michel Risède, Philippe Simoneau and Kevin D. Hyde",2006,Studies in Mycology 55: 213–226,1
"sim55_15_Neonectria_liriodendri_sp._nov.,_the_main_causal_agent_of_black_foot_disease_of_grapevines.pdf"," Neonectrialiriodendri sp. nov., the main causal agent of black foot disease of grapevines"," Francois Halleen, Hans-Josef Schroers, Johannes Z. Groenewald, Cecília Rego, Helena Oliveira and Pedro W. Crous",2006,Studies in Mycology 55: 227–234,1
sim55_16_Phylogenetic_lineages_in_the_Botryosphaeriaceae.pdf, Phylogenetic lineages in the Botryosphaeriaceae," Pedro W. Crous, Bernard Slippers, Michael J. Wingfield, John Rheeder, Walter F.O. Marasas, Alan J.L. Philips, Artur Alves, Treena Burgess, Paul Barber and Johannes Z. Groenewald",2006,Studies in Mycology 55: 235–253,1
sim55_17_Celoporthe_dispersa_gen._et_sp._nov._from_native_Myrtales_in_South_Africa.pdf, Celoporthedispersa gen. et sp. nov. from native Myrtales in South Africa," Grace Nakabonge, Marieka Gryzenhout, Jolanda Roux, Brenda D. Wingfield and Michael J. Wingfield",2006,Studies in Mycology 55: 255–267,1
"sim55_18_DNA_sequence_comparisons_of_Ophiostoma_spp.,_including_Ophiostoma_aurorae_sp._nov.,_associated_with_pine_bark_beetles_in_South_Africa.pdf"," DNA sequence comparisons of Ophiostoma spp., including Ophiostomaaurorae sp. nov., associated with pine bark beetles in South Africa"," Xudong Zhou, Z. Wilhelm de Beer and Michael J. Wingfield",2006,Studies in Mycology 55: 269–277,1
sim55_19_A_disease_epidemic_on_Zizyphus_mucronata_in_the_Kruger_National_Park_caused_by_Coniodictyum_chevalieri.pdf, A disease epidemic on Zizyphusmucronata in the Kruger National Park caused by Coniodictyumchevalieri," Wolfgang Maier, Thembi Khoza, Neil Harmse, Brenda D. Wingfield and Michael J. Wingfield",2006,Studies in Mycology 55: 279–288,1
"sim55_20_Phylogeny_of_the_Quambulariaceae_fam._nov.,_including_important_Eucalyptus_pathogens_in_South_Africa_and_Australia.pdf"," Phylogeny of the Quambalariaceae fam. nov., including important Eucalyptus pathogens in South Africa and Australia"," Z. Wilhelm de Beer, Dominik Begerow, Robert Bauer, Geoff S. Pegg, Pedro W. Crous and Michael J. Wingfield",2006,Studies in Mycology 55: 289–298,1
sim56_01_Phylogenetic_classification_of_Cordyceps_and_the_clavicipitaceous_fungi.pdf, Phylogenetic classification of Cordyceps and the clavicipitaceous fungi," Gi-Ho Sung, Nigel L. Hywel-Jones, Jae-Mo Sung, J. Jennifer Luangsa-ard, Bhushan Shrestha and Joseph W. Spatafora",2007,Studies in Mycology 57: 5–59,1
sim56_02_Taxonomy_and_phylogenetic_relationships_of_nine_species_of_Hypocrea_with_anamorphs_assignable_to_Trichoderma_section_Hypocreanum.pdf, Taxonomy and phylogenetic relationships of nine species of Hypocrea with anamorphs assignable to Trichoderma section Hypocreanum," Barrie E. Overton, Elwin L. Stewart and David M. Geiser",2006,Studies in Mycology 56: 39–65,1
sim56_03_The_Trichoderma_koningii_aggregate_species.pdf, The Trichoderma koningii aggregate species," Gary J. Samuels, Sarah Dodd, Bing-Sheng Lu, Orlando Petrini, Hans-Josef Schroers, Irina S. Druzhinina",2006,Studies in Mycology 56: 67–133,1
"sim56_04_Hypocrea_rufa_Trichoderma_viride,_a_reassessment,_and_description_of_five_closely_related_species_with_and_without_warted_conidia.pdf"," Hypocrea rufa/Trichoderma viride: a reassessment, and description of five closely related species with and without warted conidia"," Walter M. Jaklitsch, Gary J. Samuels, Sarah L. Dodd, Bing-Sheng Lu and Irina S. Druzhinina",2006,Studies in Mycology 55: 135–177,1
sim57_01_Systematics_of_Hypocrea_citrina_and_related_taxa.pdf, Systematics of Hypocrea citrina and related taxa," Barrie E. Overton, Elwin L. Stewart, David M. Geiser and Walter M. Jaklitsch",2006,Studies in Mycology 56: 1–38,1
sim58Art1.pdf, Mycosphaerella is polyphyletic," P.W. Crous, U. Braun and J.Z. Groenewald",2007,Studies in Mycology 58: 1–32,1
sim58Art2.pdf, Delimiting Cladosporium from morphologically similar genera," P.W. Crous, U. Braun, K. Schubert and J.Z. Groenewald",2007,Studies in Mycology 58: 33–56,1
sim58Art3.pdf, Phylogenetic and morphotaxonomic revision of Ramichloridium and allied genera," M. Arzanlou, J.Z. Groenewald, W. Gams, U. Braun, H.-D Shin and P.W. Crous,",2007,Studies in Mycology 58: 57–93,1
sim58Art4.pdf, Cladosporium leaf-blotch and stem rot of Paeonia spp. caused by Dichoclado-sporium chlorocephalum gen. nov.," K. Schubert, U. Braun, J.Z. Groenewald and P.W. Crous",2007,Studies in Mycology 58: 95–104,1
sim58Art5.pdf," Biodiversity in the Cladosporium herbarum complex (Davidiellaceae, Capnodiales), with standardisation of methods for Cladosporium taxonomy and diagnostics"," K. Schubert, J. Z. Groenewald, U. Braun, J. Dijksterhuis, M. Starink, C.F. Hill, P. Zalar, G.S. de Hoog and P.W. Crous",2007,Studies in Mycology 58: 105–156,1
sim58Art6.pdf," Phylogeny and ecology of the ubiquitous saprobe Cladosporium sphaerospermum, with descriptions of seven new species from hypersaline environments"," P. Zalar, G.S. de Hoog, H.-J. Schroers, P.W. Crous, J.Z. Groenewald and N. Gunde-Cimerman",2007,Studies in Mycology 58: 157–183,1
sim58Art7.pdf," Opportunistic, human-pathogenic species in the Herpotrichiellaceae are phenotypically similar to saprobic or phytopathogenic species in the Venturiaceae"," P.W. Crous, K. Schubert, U. Braun, G.S. de Hoog, A.D. Hocking, H.-D. Shin and J.Z. Groenewald",2007,Studies in Mycology 58: 185–217,1
sim58Art8.pdf," Molecular analysis and pathogenicity of the Cladophialophora carrionii complex, with the description of a novel species"," G.S. de Hoog, A.S. Nishikaku, G. Fernandez-Zeppenfeldt, C. Padín-González,E. Burger, H. Badali, N. Richard-Yegres and A.H.G. Gerrits van den Ende",2007,Studies in Mycology 58: 219–234,1
sim59_Houbraken et al 2007 Stud in Mycol 59 107-128.pdf, Polyphasic taxonomy of Aspergillus section Usti," J. Houbraken, M. Due, J. Varga, M. Meijer, J.C. Frisvad and R.A. Samson",2007,Studies in Mycology 59: 107–128,1
sim59Art1.pdf, The current status of species recognition and identification in Aspergillus," D.M. Geiser, M.A. Klich, J.C. Frisvad, S.W. Peterson, J. Varga, and R.A. Samson",2007,Studies in Mycology 59: 1–10,1
sim59Art10.pdf," Polyphasic taxonomy of Aspergillus section Candidi based on molecular, morphological and physiological data"," J. Varga, J.C. Frisvad and R.A. Samson",2007,Studies in Mycology 59: 75–88,1
sim59Art2.pdf, What can comparative genomics tell us about species concepts in the genus Aspergillus?," A. Rokas, G. Payne, N.D. Fedorova, S.E. Baker, M. Machida, J. Yu, D. Ryan Georgianna, Ralph A. Dean, Deepak Bhatnagar, T.E. Cleveland, J.R. Wortman, R. Maiti, V. Joardar, P. Amedeo, D.W. Denning and W.C. Nierman",2007,Studies in Mycology 59: 11–17,1
sim59Art3.pdf, Sexual and vegetative compatibility genes in the aspergilli," K. Pál, A.D. van Diepeningen, J. Varga, R.F. Hoekstra, P.S. Dyer and A.J.M. Debets",2007,Studies in Mycology 59: 19–30,1
sim59Art4.pdf," Secondary metabolite profiling, growth profiles and other tools for species recognition and important Aspergillus mycotoxins"," J.C. Frisvad, T.O. Larsen, R. de Vries, M. Meijer  , J. Houbraken, F.J. Cabañes, K. Ehrlich and R.A. Samson",2007,Studies in Mycology 59: 31–37,1
sim59Art5.pdf, Aspergillus species identification in the clinical setting," S.A. Balajee, J. Houbraken, P.E. Verweij, S-B. Hong, T. Yaghuchi, J. Varga, and R.A. Samson",2007,Studies in Mycology 59: 39–46,1
sim59Art6.pdf, Aspergillus strain typing in the genomics era, C.H.W. Klaassen and N. Osherov,2007,Studies in Mycology 59: 47–51,1
sim59Art7.pdf, Biodiversity of Aspergillus species in some important agricultural products," G. Perrone, A. Susca, G. Cozzi, K. Ehrlich, J. Varga, J.C. Frisvad, M. Meijer, P. Noonim,, W. Mahakarnchanakul andR.A. Samson",2007,Studies in Mycology 59: 53–66,1
sim59Art9.pdf,The species concept in Aspergillus: recommendations of an international panel,"R.A. Samson, J. Varga, S.M. Witiak and D.M. Geiser",2007,Studies in Mycology 59: 71–73,1
sim60_2008.pdf,"Neotropical Hypocrella (anamorph Aschersonia), Moelleriella, and Samuelsia","Priscila Chaverri, Miao Liu and Kathie T. Hodge",2008,Studies in Mycology 60 ,1
sim61Art1.pdf, Drought meets acid: three new genera in a dothidealean clade of extremotolerant fungi," L. Selbmann,G.S. de Hoog, L. Zucconi, D. Isola, S. Ruisi, A.H.G. Gerrits van den Ende, C. Ruibal, F. De Leo, C. Urzì and S. Onofri",2008,Studies in Mycology 61: 1–20,1
sim61Art10.pdf, Resistance of Antarctic black fungi and cryptoendolithic communities to simulated space and Martian conditions," S. Onofri, D. Barreca, L. Selbmann, D. Isola, E. Rabbow, G. Horneck, J.P.P. de Vera, J. Hatton and L. Zucconi",2008,Studies in Mycology 61: 99–109,1
sim61Art11.pdf, A rock-inhabiting ancestor for mutualistic and pathogen-rich fungal lineages," C. Gueidan, C. Ruibal Villaseñor, G. S. de Hoog, A. A. Gorbushina, W. A. Untereiner and F. Lutzoni",2008,Studies in Mycology 61: 111–119,1
sim61Art12.pdf," Evolution of CDC42, a putative virulence factor triggering meristematic growth in black yeasts"," S. Deng, A.H.G. Gerrits van den Ende, A.F.J. Ram, M. Arentshorst, Y. Gräser, H. Hu and G.S. de Hoog.",2008,Studies in Mycology 61: 121–129,1
sim61Art13.pdf," Coniosporium epidermidis sp. nov., a new species from human skin"," D. M. Li, G.S. de Hoog, D.M. Lindhardt Saunte, A.H.G. Gerrits van den Ende and X. R. Chen",2008,Studies in Mycology 61: 131–136,1
sim61Art14.pdf, Environmental isolation of black yeast-like fungi involved in human infection," V.A. Vicente, D. Attili-Angelis, M.R. Pie, F. Queiroz-Telles, L.M. Cruz, M.J. Najafzadeh, G.S. de Hoog, J. Zhao and A. Pizzirani-Kleiner",2008,Studies in Mycology 61: 137–144,1
sim61Art15.pdf, The neurotropic black yeast Exophiala dermatitidis has a possible origin in the tropical rain forest," M. Sudhadham, P. Sihanonth, S. Sivichai, R. Chaiyarat, G. M. Dorrestein, S.B.J. Menken, and G.S. de Hoog,",2008,Studies in Mycology 61: 145–155,1
sim61Art16.pdf, Selective factors involved in oil flotation isolation of black yeasts from the environment," M.M. Satow, D. Attili-Angelis, G.S. de Hoog, D.F. Angelis and V.A. Vicente",2008,Studies in Mycology 61: 157–163,1
sim61Art17.pdf, Characterisation of the substrate specificity of the nitrile hydrolyzing system of the acidotolerant black yeast Exophiala oligosperma R1," S. Rustler, A. Chmura, R.A. Sheldon and A. Stolz",2008,Studies in Mycology 61: 165–174,1
sim61Art18.pdf, Biodiversity of the genus Cladophialophora," H. Badali, , , C. Gueidan, M.J. Najafzadeh, , A. Bonifaz, A.H.G. Gerrits van den Ende and G.S. de Hoog,  ",2008,Studies in Mycology 61: 175–191,1
sim61Art2.pdf, Redefinition of Aureobasidium pullulans and its varieties," P. Zalar, C. Gostinčar, G.S. de Hoog, V. Uršič, M. Sudhadham and N. Gunde-Cimerman",2008,Studies in Mycology 61: 21–38,1
sim61Art3.pdf, The influence of ortho- and para-diphenoloxidase substrates on pigment formation in black yeast-like fungi," N.A. Yurlova, G.S. de Hoog and L.G. Fedorova",2008,Studies in Mycology 61: 39–49,1
sim61Art4.pdf, Expression of fatty-acid-modifying enzymes in the halotolerant black yeast Aureobasidium pullulans (de Bary) G. Arnaud under salt stress," C. Gostinčar, M. Turk, T. Trbuha, T. Vaupotič, A. Plemenitaš and N. Gunde-Cimerman",2008,Studies in Mycology 61: 51–59,1
sim61Art5.pdf, HMG-CoA reductase is regulated by environmental salinity and its activity is essential for halotolerance in halophilic fungi," T. Vaupotič, P. Veranic, U. Petrovič, N. Gunde-Cimerman and A. Plemenitaš",2008,Studies in Mycology 61: 61–66,1
sim61Art6.pdf, Adaptation of extremely halotolerant black yeast Hortaea werneckii to increased osmolarity: a molecular perspective at a glance," A. Plemenitaš, T. Vaupotič, M. Lenassi, T. Kogej and N. Gunde-Cimerman",2008,Studies in Mycology 61: 67–75,1
sim61Art7.pdf," Tinea nigra by Hortaea werneckii, a report of 22 cases from Mexico"," A. Bonifaz, H. Badali, G.S. de Hoog, M. Cruz, J. Araiza, M.A. Cruz; L. Fierro and R.M. Ponce",2008,Studies in Mycology 61: 77–82,1
sim61Art8.pdf, Black fungi in lichens from seasonally arid habitats," S. Harutyunyan, L. Muggiaand M. Grube",2008,Studies in Mycology 61: 83–90,1
sim61Art9.pdf, Cellular responses of microcolonial rock fungi to long-term desiccation and subsequent rehydration," A.A. Gorbushina,, E.R. Kotlova and O.A. Sherstneva",2008,Studies in Mycology 61: 91–97,1
sim62_2008.pdf,"Leaf-inhabiting genera of the Gnomoniaceae, Diaporthales","M.V. Sogonov, L.A. Castlebury, A.Y. Rossman, L.C. Mejía and J.F. White",2008,Studies in Mycology 62 ,1
sim63_2009.pdf, European species of Hypocrea Part I. The green-spored species,Walter M. Jaklitsch,2009,Studies in Mycology 63 (2009),1
sim64Art1.pdf, A class-wide phylogenetic assessment of Dothideomycetes," C.L. Schoch, P.W. Crous, J.Z. Groenewald, E.W.A. Boehm, T.I. Burgess, J. de Gruyter, , G.S. de Hoog, L.J. Dixon, M. Grube, C. Gueidan, Y. Harada, S. Hatakeyama, K. Hirayama, T. Hosoya, S.M. Huhndorf, K.D. Hyde, , E.B.G. Jones, J. Kohlmeyer, Å. Kruys, Y.M. Li, R. Lücking, H.T. Lumbsch, L. Marvanová, J.S. Mbatchou, , A.H. McVay, A.N. Miller, G.K. Mugambi, , , L. Muggia, M.P. Nelsen, , P. Nelson, C A. Owensby, A.J.L. Phillips, S. Phongpaichit, S.B. Pointing, V. Pujade-Renaud, H.A. Raja, E. Rivas Plata, , B. Robbertse, C. Ruibal, J. Sakayaroj, T. Sano, L. Selbmann, C.A. Shearer, T. Shirouzu, B. Slippers, S. Suetrong, , K. Tanaka, B. Volkmann-Kohlmeyer, M.J. Wingfield, A.R. Wood, J.H.C.Woudenberg, H. Yonezawa, Y. Zhang, J.W. Spatafora",2009,Studies in Mycology 64: 1–15,1
sim64Art10.pdf," Molecular taxonomy of bambusicolous fungi: Tetraplosphaeriaceae, a new pleosporalean family with Tetraploa-like anamorphs"," K. Tanaka, K. Hirayama, H. Yonezawa, S. Hatakeyama, Y. Harada, T. Sano, T. Shirouzu and T. Hosoya",2009,Studies in Mycology 64: 175–209,1
sim64Art2.pdf, Phylogenetic lineages in the Capnodiales," P.W. Crous, , C.L. Schoch, K.D. Hyde, A.R. Wood, C. Gueidan, G.S. de Hoog and J.Z. Groenewald",2009,Studies in Mycology 64: 17–47,1
sim64Art3.pdf," A molecular phylogenetic reappraisal of the Hysteriaceae, Mytilinidiaceae and Gloniaceae (Pleosporomycetidae, Dothideomycetes) with keys to world species"," E.W.A. Boehm, G.K. Mugambi, A.N. Miller, S.M. Huhndorf, S. Marincowitz, J.W. Spatafora and C.L. Schoch",2009,Studies in Mycology 64: 49–83,1
sim64Art4.pdf," Multi-locus phylogeny of Pleosporales: a taxonomic, ecological and evolutionary re-evaluation"," Y. Zhang, C.L. Schoch, J. Fournier, P.W. Crous, J. de Gruyter, , J.H.C. Woudenberg, K. Hirayama, K. Tanaka, S.B. Pointing, J.W. Spatafora and K.D. Hyde, ",2009,Studies in Mycology 64: 85–102,1
sim64Art5.pdf," Molecular phylogenetics of Pleosporales: Melanommataceae and Lophiostomataceae re-circumscribed (Pleosporomycetidae, Dothideomycetes, Ascomycota)", G.K. Mugambi– and S.M. Huhndorf,2009,Studies in Mycology 64: 103–121,1
sim64Art6.pdf, Phylogeny of rock-inhabiting fungi related to Dothideomycetes," C. Ruibal, C. Gueidan, L. Selbmann, A.A. Gorbushina, P.W. Crous, J.Z. Groenewald, L. Muggia, M. Grube, D. Isola, C.L. Schoch, J.T. Staley, F. Lutzoni, G.S. de Hoog",2009,Studies in Mycology 64: 123–133,1
sim64Art7.pdf, Unravelling the phylogenetic relationships of lichenised fungi in Dothideomyceta," M.P. Nelsen, , R. Lücking, M. Grube, J.S. Mbatchou, , L. Muggia, E. Rivas Plata,  and H.T. Lumbsch",2009,Studies in Mycology 64: 135–144,1
sim64Art8.pdf, The molecular phylogeny of freshwater Dothideomycetes," C.A. Shearer, H.A. Raja, A.N. Miller, P. Nelson, K. Tanaka, K. Hirayama, L. Marvanová, K.D. Hyde and Y. Zhang",2009,Studies in Mycology 64: 145–153,1
sim64Art9.pdf, Molecular systematics of the marine Dothideomycetes," S. Suetrong, C.L. Schoch, J.W. Spatafora, J. Kohlmeyer, B. Volkmann-Kohlmeyer, J. Sakayaroj, S. Phongpaichit, K. Tanaka, K. Hirayama and E.B.G. Jones",2009,Studies in Mycology 64: 155–173,1
sim65_2010.pdf,Highlights of the Didymellaceae: A polyphasic approach to characterise Phoma and related pleosporalean genera,"Maikel Aveskamp, Hans de Gruyter, Joyce Woudenberg, Gerard Verkley and Pedro W. Crous",2010,Studies in Mycology 65 ,1
sim66Art1.pdf, Species concepts in Calonectria (Cylindrocladium)," L. Lombard, P.W. Crous, B.D. Wingfield and M.J. Wingfield",2010,Studies in Mycology 66: 1–14,1
sim66Art2.pdf, Multigene phylogeny and mating tests reveal three cryptic species related to Calonectria pauciramosa," L. Lombard, P.W. Crous, B.D. Wingfield and M.J. Wingfield",2010,Studies in Mycology 66: 15–30,1
sim66Art3.pdf, Phylogeny and systematics of the genus Calonectria," L. Lombard, P.W. Crous, B.D. Wingfield and M.J. Wingfield",2010,Studies in Mycology 66: 31–69,1
sim67_2010.pdf,"Species and ecological diversity within the Cladosporium cladosporioides complex (Davidiellaceae, Capnodiales)","K. Bensch, J.Z. Groenewald, J. Dijksterhuis, M. Starink-Willemse, B. Andersen, B.A. Summerell, H.-D. Shin, F.M. Dugan, H.-J. Schroers, U. Braun and P.W. Crous",2010,Studies in Mycology 67 ,1
sim68Art1.pdf, Tropical species of Cladobotryum and Hypomyces producing red pigments, Kadri Põldmaa,2011,Studies in Mycology 68: 1–34,1
sim68Art10.pdf," A systematic account of the genus Plagiostoma (Gnomoniaceae, Diaporthales) based on morphology, host-associations, and a four-gene phylogeny"," L.C. Mejía, , , L.A. Castlebury, A.Y. Rossman, M.V. Sogonov and J.F. White, Jr.",2011,Studies in Mycology 68: 211–235,1
sim68Art2.pdf, A morphological and phylogenetic revision of the Nectria cinnabarina species complex," Y. Hirooka, , A.Y. Rossman and P. Chaverri",2011,Studies in Mycology 68: 35–56,1
sim68Art3.pdf," Delimitation of Neonectria and Cylindrocarpon (Nectriaceae, Hypocreales, Ascomycota) and related genera with Cylindrocarpon-like anamorphs"," P. Chaverri, C. Salgado, Y. Hirooka, , A.Y. Rossman and G.J. Samuels",2011,Studies in Mycology 68: 57–78,1
sim68Art4.pdf," An overview of the taxonomy, phylogeny, and typification of nectriaceous fungi in Cosmospora, Acremonium, Fusarium, Stilbella, and Volutella"," T. Gräfenhan, , H.-J. Schroers, H.I. Nirenberg and K.A. Seifert",2011,Studies in Mycology 68: 79–113,1
sim68Art5.pdf," A revision of Cyanonectria and Geejayessia gen. nov., and related species with Fusarium-like anamorphs"," H.-J. Schroers, T. Gräfenhan, , H.I. Nirenberg and K.A. Seifert",2011,Studies in Mycology 68: 115–138,1
sim68Art6.pdf," Acremonium phylogenetic overview and revision of Gliomastix, Sarocladium, and Trichothecium"," R.C. Summerbell, , C. Gueidan, , H-J. Schroers, , G.S. de Hoog, M. Starink, Y. Arocha Rosete, J. Guarro and J.A. Scott, ",2011,Studies in Mycology 68: 139–162,1
sim68Art7.pdf," Monilochaetes and allied genera of the Glomerellales, and a reconsideration of families in the Microascales"," M. Réblová, W. Gams and K.A. Seifert",2011,Studies in Mycology 68: 163–191,1
sim68Art8.pdf," Discovery of the teleomorph of the hyphomycete, Sterigmatobotrys macrocarpa, and epitypification of the genus to holomorphic status", M. Réblová and K.A. Seifert,2011,Studies in Mycology 68: 193–202,1
sim68Art9.pdf, A molecular re-appraisal of taxa in the Sordariomycetidae and a new species of Rimaconus from New Zealand, S.M. Huhndorf and A.N. Miller,2011,Studies in Mycology 68: 203–210,1
sim69Art2.pdf, Growth and hydrolase profiles can be used as characteristics to distinguish Aspergillus niger and other black aspergilli," M. Meijer, J.A.M.P. Houbraken, S. Dalhuijsen, R.A. Samson and R.P. de Vries,",2011,Studies in Mycology 69: 19–30,1
sim69Art3.pdf, Analysis of regulation of pentose utilisation in Aspergillus niger reveals evolutionary adaptations in Eurotiales," E. Battaglia, L. Visser, A. Nijssen, G.J. van Veluw, H.A.B. Wösten and R.P. de Vries,",2011,Studies in Mycology 69: 31–38,1
sim70Art2.pdf, Taxonomy of Penicillium section Citrina," J. Houbraken, J.C. Frisvad and R.A. Samson",2011,Studies in Mycology 70: 53–138,1
sim70Art3.pdf, A taxonomic and phylogenetic revision of the Penicillium sclerotiorum complex, K.G. Rivera and K.A. Seifert,2011,Studies in Mycology 70: 139–158,1
sim71_2012.pdf,"  A monograph of Allantonectria, Nectria, and Pleonectria (Nectriaceae, Hypocreales,    Ascomycota) and their pycnidial, sporodochial, and synnematous anamorphs","Y. Hirooka, A.Y. Rossman, G.J. Samuels, C. Lechat, P. Chaverri",2012,Studies in Mycology 71 (March 2012),1
sim72_2012.pdf, The genus Cladosporium,"Konstanze Bensch, Uwe Braun, Johannes Z. Groenewald and Pedro W. Crous",2012,Studies in Mycology 72 (June 2012),1
sim73Art1.pdf, The Colletotrichum boninense species complex," U. Damm, P.F. Cannon, J.H.C. Woudenberg, P.R. Johnston, B.S. Weir, Y.P.Tan, R.G.Shivas, and P.W. Crous,",2012,Studies in Mycology 73: 1–36,1
sim73Art2.pdf, The Colletotrichum acutatum species complex," U. Damm, P.F. Cannon, J.H.C. Woudenberg, and P.W. Crous,",2012,Studies in Mycology 73: 37–113,1
sim73Art3.pdf, The Colletotrichum gloeosporioides species complex," B.S. Weir, P.R. Johnston, and U. Damm",2012,Studies in Mycology 73: 115–180,1
sim73Art4.pdf, Colletotrichum – current status and future directions," P.F. Cannon, U. Damm, P.R. Johnston, and B.S. Weir",2012,Studies in Mycology 73: 181–213,1
sim74Art1.pdf, Development in Aspergillus," P. Krijgsheld, R. Bleichrodt, G.J. van Veluw, F. Wang, W.H. Müller, J. Dijksterhuis, and H.A.B. Wösten",2013,Studies in Mycology 74: 1–29,1
sim74Art2.pdf, Cytosolic streaming in vegetative mycelium and aerial structures of Aspergillus niger," R. Bleichrodt,A. Vinck, P. Krijgsheld, M.R. van Leeuwen, J. Dijksterhuis, and H.A.B. Wösten",2013,Studies in Mycology 74: 31–46,1
sim74Art3.pdf,sim74Art3.pdf," G.J. van Veluw, W.R. Teertstra,C. de Bekker, A. Vinck, N. van Beek, W.H. Muller, M. Arentshorst, H.C. van der Mei, A.F.J. Ram, J. Dijksterhuis, and H.A.B. Wösten",2013,Studies in Mycology 74: 47–57,1
sim74Art4.pdf, Germination of conidia of Aspergillus niger is accompanied by major changes in RNA profiles," M.R. van Leeuwen, P. Krijgsheld, R. Bleichrodt, H. Menke, H. Stam, J. Stark, H.A.B. Wösten, and J. Dijksterhuis",2013,Studies in Mycology 74: 59–70,1
sim74Art5.pdf, The effect of natamycin on the transcriptome of conidia of Aspergillus niger," M.R. van Leeuwen, P. Krijgsheld, T.T. Wyatt, E.A. Golovina, H. Menke, A. Dekker, J. Stark, H. Stam, R. Bleichrodt, H.A.B. Wösten, and J. Dijksterhuis",2013,Studies in Mycology 74: 71–85,1
sim75Art1.pdf, Redisposition of phoma-like anamorphs in Pleosporales," J. de Gruyter–, J.H.C. Woudenberg, M.M. Aveskamp, G.J.M. Verkley, J.Z. Groenewald, and P.W. Crous,",2013,Studies in Mycology 75: 1–36,1
sim75Art2.pdf, Phylogenetic lineages in Pseudocercospora, Phylogenetic lineages in Pseudocercospora,2013,Studies in Mycology 75: 37–114,1
sim75Art3.pdf, Species concepts in Cercospora: spotting the weeds among the roses," J.Z. Groenewald, C. Nakashima, J. Nishikawa, H.-D. Shin, J.-H. Park, A.N. Jama, M. Groenewald, U. Braun, and P.W. Crous, , ",2013,Studies in Mycology 75: 115–170,1
sim75Art4.pdf, Alternaria redefined,"J.H.C. Woudenberg, J.Z. Groenewald1, M. Binder, and P.W. Crous",2013,Studies in Mycology 75: 171–212,1
sim75Art5.pdf, A new approach to species delimitation in Septoria,"G.J.M. Verkley, W. Quaedvlieg, H.-D. Shin, and P.W. Crous",2013,Studies in Mycology 75: 213–305,1
sim75Art6.pdf, Sizing up Septoria,"W. Quaedvlieg, G.J.M. Verkley, H.-D. Shin, R.W. Barreto, A.C. Alfenas, W.J. Swart, J.Z. Groenewald, and P.W. Crous",2013,Studies in Mycology 75: 307–390,1
sim76Art1.pdf, A phylogenetic re-evaluation of Phyllosticta (Botryosphaeriales)," S. Wikee, L. Lombard, C. Nakashima, K. Motohashi, E. Chukeatirote, R. Cheewangkoon, E.H.C. McKenzie, K.D. Hyde, and P.W. Crous,",2013,Studies in Mycology 76: 1–29,1
sim76Art2.pdf, Phylogenetic lineages in the Botryosphaeriales: a systematic and evolutionary framework," B. Slippers, E. Boissin, A.J.L. Phillips, J.Z. Groenewald, L. Lombard, M.J. Wingfield, A. Postma, T. Burgess, and P.W. Crous,",2013,Studies in Mycology 76: 31–49,1
sim76Art3.pdf, The Botryosphaeriaceae: genera and species known from culture," A.J.L. Phillips, A. Alves, J. Abdollahzadeh, B. Slippers, M.J. Wingfield, J.Z. Groenewald, and P.W. Crous,",2013,Studies in Mycology 76: 51–167,1
SIM77_2014.pdf, A polyphasic taxonomy of Daldinia (Xylariaceae),"Marc Stadler, Thomas Læssøe, Jacques Fournier, Cony Decock, Beata Schmieschek, Hans-Volker Tichy and Derek Peršoh",2014,Studies in Mycology 77 (March 2014),1
sim78Art1.pdf, Ochratoxin production and taxonomy of the yellow aspergilli (Aspergillus section Circumdati)," C.M. Visagie, J. Varga, J. Houbraken, M. Meijer, S. Kocsube, N. Yilmaz, R. Fotedar, K.A. Seifert, J.C. Frisvad, and R.A. Samson",2014,Studies in Mycology 78: 1–61,1
sim78Art2.pdf," Aspergillus, Penicillium and Talaromyces isolated from house dust samples collected around the world"," C.M. Visagie, Y. Hirooka, J.B. Tanney, E. Whitfield, K. Mwange, M. Meijer, A.S. Amend, K.A. Seifert, and R.A. Samson",2014,Studies in Mycology 78: 63–139,1
sim78Art4.pdf, Polyphasic taxonomy of the genus Talaromyces," N. Yilmaz, C.M. Visagie, J. Houbraken, J.C. Frisvad, and R.A. Samson",2014,Studies in Mycology 78: 175–341,1
sim78Art5.pdf, Identification and nomenclature of the genus Penicillium," C.M. Visagie, J. Houbraken, J.C. Frisvad, S.-B. Hong, C.H.W. Klaassen, G. Perrone, K.A. Seifert, J. Varga, T. Yaguchi, and R.A. Samson",2014,Studies in Mycology 78: 343–371,1
sim78Art6.pdf, A taxonomic and phylogenetic revision of Penicillium section Aspergilloides," J. Houbraken, C.M. Visagie, M. Meijer, J.C. Frisvad, P.E. Busby, J.I. Pitt, K.A. Seifert, G. Louis-Seize, R. Demirel, N. Yilmaz, K. Jacobs, M. Christensen, and R.A. Samson",2014,Studies in Mycology 78: 373–451,1
sim79Art1.pdf, Large-spored Alternaria pathogens in section Porri disentangled," J.H.C. Woudenberg, M. Truter, J.Z. Groenewald, and P.W. Crous,",2014,Studies in Mycology 79: 1–47,1
sim79Art2.pdf, The Colletotrichum destructivum species complex – hemibiotrophic pathogens of forage and field crops," U. Damm, R.J. O'Connell, J.Z. Groenewald, and P.W. Crous,",2014,Studies in Mycology 79: 49–84,1
sim79Art3.pdf, Resolving the polyphyletic nature of Pyricularia (Pyriculariaceae)," S. Klaubauf, D. Tharreau, E. Fournier, J.Z. Groenewald, P.W. Crous,, R.P. de Vries, and M.-H. Lebrun",2014,Studies in Mycology 79: 85–120,1
sim79Art4.pdf, Pestalotiopsis revisited," S.S.N. Maharachchikumbura, K.D. Hyde, J.Z. Groenewald, J. Xu, and P.W. Crous,",2014,Studies in Mycology 79: 121–186,1
sim79Art5.pdf, Redefining Ceratocystis and allied genera," Z.W. de Beer, T.A. Duong, I. Barnes, B.D. Wingfield, and M.J. Wingfield",2014,Studies in Mycology 79: 187–219,1
sim79Art6.pdf, The genus Bipolaris," D.S. Manamgoda, A.Y. Rossman, L.A. Castlebury, P.W. Crous, H. Madrid, E. Chukeatirote, and K.D. Hyde,",2014,Studies in Mycology 79: 221–288,1
Sim80_2015.pdf, Hypocrealean lineages of industrial and  phytopathological importance,"Lorenzo Lombard, Johannes Z. Groenewald, Pedro W. Crous, Editors.",2015,Studies in Mycology 80 (March 2015)  ISSN 0166-0616,1
sim82Art1.pdf," Alternaria section Alternaria: Species, formae speciales or pathotypes?"," J.H.C. Woudenberg, M.F. Seidl, J.Z. Groenewald, M. de Vries, J.B. Stielow, B.P.H.J. Thomma, and P.W. Crous,",2015,Studies in Mycology 82: 1–21,1
sim82Art2.pdf, Common but different: The expanding realm of Cladosporium Common but different: The expanding realm of Cladosporium," K. Bensch, J.Z. Groenewald, U. Braun, J. Dijksterhuis, M. de Jesús Yáñez-Morales, and P.W. Crous",2015,Studies in Mycology 82: 23–74,1
sim82Art3.pdf," Revision of the Massarineae (Pleosporales, Dothideomycetes)"," K. Tanaka, K. Hirayama, H. Yonezawa, G. Sato, A. Toriyabe, H. Kudo, A. Hashimoto, M. Matsumura, Y. Harada, Y. Kurihara, T. Shirouzu, and T. Hosoya",2015,Studies in Mycology 82: 75–136,1
sim82Art4.pdf, Resolving the Phoma enigma," Q. Chen, J.R. Jiang, G.Z. Zhang, L. Cai, and P.W. Crous,",2015,Studies in Mycology 82: 137–217,1
Stolk & Samson 1985 Adv Pen Asp Sys 102 163-192.pdf,A new taxonomic scheme for Penicillium anamorphs,Amelia C. Stolk and Robert A. Samson,1985, Adv Pen Asp Sys 102 163-192,0
Stolk 1973 Persoonia 7 333-337.pdf,PENICILLIUM DONKII SP. NOV. AND SOME OBSERVATIONS ON SCLEROTIAL STRAINS OF PENICILLIUM FUNICULOSUM,AMELIA C. STOLK,1973,Persoonia,0
Stolk and Hennebert 1968 Persoonia 5 189-199.pdf,New species of Thysanophora and  Custingophora gen. nov.,Stolk and Hennebert ,1968,Persoonia,0
Stolk and Malla 1971 Persoonia 197-200.pdf,PENICILLIUM INFLATUM SP. NOV.,Stolk and Malla,1971,Persoonia,0
Stolk and Samson 1971 Persoonia 6 341-357.pdf,STUDIES ON TALAROMYCES AND RELATED GENERA I. HaItligera gen. nov. and ByssochlaItlys,"AMELIA C. STOLK, R. A. SAMSON",1971,Persoonia,0
Stolk and Scott 1967 Persoonia 4 391-405.pdf,STUDIES ON THE GENUS EUPENICILLIUM LUDWIG,Stolk and Scott ,1967,Persoonia,0
Straatsma and Samson 1993 Mycol Res 97 321-328.pdf,"Taxonomy of Scytalidium thermophilum, an important thermophilic fungus in mushroom compost",GERBEN STRAATSMA AND ROBERT A. SAMSON,1993,Mycal. Res. 97 (3): 321-328 (1993),0
Tan et al 2022 Persoonia 49 261-350.pdf, Fungal Planet description sheets: 1436–1477,"Y.P. Tan, S.L. Bishop-Hurley, R.G. Shivas, D.A. Cowan, G. Maggs-Kölling, S.S.N. Maharachchikumbura, U. Pinruan, K.L. Bransgrove, S. De la Peña-Lastra, E. Larsson, T. Lebel, S. Mahadevakumar, A. Mateos, E.R. Osieck, A. Rigueiro-Rodríguez, S. Sommai, K. Ajithkumar, A. Akulov, F.E. Anderson, F. Arenas, S. Balashov, Á. Bañares, D.K. Berger, M.V. Bianchinotti, S. Bien, P. Bila?ski, A.-G. Boxshall, M. Bradshaw, J. Broadbridge, F.J.S. Calaça, C. Campos-Quiroz, J. Carrasco-Fernández, J.F. Castro, S. Chaimongkol, S. Chandranayaka, Y. Chen, D. Comben, J.D.W. Dearnaley, A.S. Ferreira-Sá, K. Dhileepan, M.L. Díaz, P.K. Divakar, S. Xavier-Santos, A. Fernández-Bravo, J. Gené, F.E. Guard, M. Guerra, S. Gunaseelan, J. Houbraken, K. Janik-Superson, R. Jankowiak, M. Jeppson, Ž. Jurjevi?, M. Kaliyaperumal, L.A. Kelly, K. Kezo, A.N. Khalid, P. Khamsuntorn, D. Kidanemariam, M. Kiran, E. Lacey, G.J. Langer, L.V. López-Llorca, J.J. Luangsa-ard, P. Lueangjaroenkit, H.T. Lumbsch, J.G. Maciá-Vicente, L.S. Mamatha Bhanu, T.S. Marney, J.E. Marqués-Gálvez, A. Morte, A. Naseer, A. Navarro-Ródenas, O. Oyedele, S. Peters, S. Piskorski, L. Quijada, G.H. Ramírez, K. Raja, A. Razzaq, V.J. Rico, A. Rodríguez, M. Ruszkiewicz-Michalska, R.M. Sánchez, C. Santelices, A.S. Savitha, M. Serrano, L. Leonardo-Silva, H. Solheim, S. Somrithipol, M.Y. Sreenivasa, H. St?pniewska, D. Strapagiel, T. Taylor, D. Torres-Garcia, J. Vauras, M. Villarreal, C.M. Visagie, M. Wo?kowycki, W. Yingkunchao, E. Zapora, J.Z. Groenewald, P.W. Crous,",2022,Persoonia,0
Timmermans et al. 20201-s2.0-S0168160520301239-main.pdf, Comparing thermal inactivation to a combined process of moderate heat and high pressure: Effect on ascospores in strawberry puree,"Rian Timmermans, Hasmik Hayrapetyan, Martijntje Vollebregt, Jan Dijksterhuis",2020,International Journal of Food Microbiology 325 (2020) 108629,0
van Beyma 1940 Ant v Leeuwenhoek 269.pdf,"BESCHREIBUNG EINIGER NEUER PILZARTEN AUS DEM CENTRAALBUREAU VOOR SCHIMMELCULTURES, BAARN (NEDERLAND)",van Beyma,1940,Ant Leeuwenhoek,0
van den brule 2020b.pdf," Conidial heat resistance of various strains of the food spoilage fungus Paecilomyces variotii correlates with mean spore size, spore shape and size distribution","Tom van den Brule, Cheuk Lam Sherlin Lee, Jos Houbraken, Pieter-Jan Haas, Han Wösten, Jan Dijksterhuis",2020,Food Research International 137 (2020) 109514,1
Van den Brule et al. 2020 EMI-22-986.pdf, The most heat-resistant conidia observed to date are formed by distinct strains of Paecilomyces variotii,"Tom van den Brule, Maarten Punt, Wieke Teertstra, Jos Houbraken, Han Wösten, and Jan Dijksterhuis",2020,"Environmental Microbiology (2020) 22(3), 986–999 doi:10.1111",1
van den Brule et al. 2022.pdf, Intraspecific variability in heat resistance of fungal conidia," Tom van den Brule, Maarten Punt, Sjoerd J. Seekles, Frank J.J. Segers, Jos Houbraken, Wilma C. Hazeleger, Arthur F.J. Ram, Han A.B. Wösten, Marcel H. Zwietering, Jan Dijksterhuis, Heidy M.W. den Besten",2022,Food Research International 156 (2022) 111302,1
van Nieuwenhuijzen et al. 2016 Ant Leeuwenhoek Epub.pdf, Aureobasidium melanogenum: a native of dark biofinishes on oil treated wood, Elke J. van Nieuwenhuijzen.Jos A. M. P. Houbraken.Martin Meijer. Olaf C. G. Adan.Robert A. Samson,2016,Antonie van Leeuwenhoek,0
Varga et al 1996 Appl Environ Microbiol 12 4461-4464.pdf, Ochratoxin Production by Aspergillus Species," J. Varga, E. Kevei, E.  Rinyu, J. Téren, Z Kozakiewicz",1996,"Applied and Environmental Microbiology, p. 4461–4464",0
Varga et al 2005 Ant van Leeuw 88 141_150.pdf, Evolutionary relationships among Aspergillus terreus isolates and their relatives,Varga et al.,2005,Ant Leeuwenhoek,0
Varga et al 2007 Int Jour Sys Evol Microb 57 1925-1932.pdf," Aspergillus brasiliensis sp. nov., a biseriate black Aspergillus species with world-wide distribution"," Janos Varga, Sandor Kocsube, Beata Toth,Jens C. Frisvad, Giancarlo Perrone,Antonia Susca,Martin Meijer and Robert A. Samson",2007,"International Journal of Systematic and Evolutionary Microbiology (2007), 57, 1925–1932",0
Varga et al 2007 Studies in Mycology 59 89-106.pdf," Taxonomic revision of Aspergillus section Clavati based on molecular, morphological and physiological data"," J. Varga, M. Due, J.C. Frisvad and R.A. Samson",2007,Studies in Mycology 59: 89–106,1
Varga et al 2008 Eukar Cell 7 630-638.pdf," Aspergillus calidoustus sp. nov., Causative Agent of Human Infections Previously Assigned to Aspergillus ustus"," Janos Varga,Jos Houbraken,Henrich A. L. Van Der Lee, Paul E. Verweij,and Robert A. Samson",2008,"Eukaryotic Cell, Apr. 2008, p. 630–638",1
Varga et al 2009 World Mycotox Journ 2 263-277.pdf, A reappraisal of fungi producing aflatoxins," J. Varga, J.C. Frisvad and R.A. Samson",2009,"World Mycotoxin Journal, August 2009; 2 (3): 263-277",0
Varga et al 2010 IMA Fungus 1 194.pdf, Polyphasic taxonomy of Aspergillus section Sparsi," Janos Varga, Jens C. Frisvad and Robert A. Samson",2010,IMA Fungus,1
Varga et al 2010 IMA Fungus 197-205.pdf," Aspergillus sect. Aeni sect. nov., a new section of the genus for A. karnatakaensis sp. nov. and some allied fungi"," Janos Varga, Jens C. Frisvad and Robert A. Samson",2010,IMA Fungus,1
Varga et al 2011 SIM 69 57-80.pdf," Two new aflatoxin producing species, and an overview of Aspergillus section Flavi"," J. Varga, J.C. Frisvad and R.A. Samson",2011,Studies in Mycology 69: 57–80,1
Varga et al Ant van Leeuw 2008 94 481-485.pdf, Ribotoxin genes in isolates of Aspergillus section Clavati, Janos Varga and Robert A. Samson,2008,Ant Leeuwenhoek,0
Varga et al Stud. Mycol. 69 2011..pdf, New and revisited species in Aspergillus section Nigri," J. Varga, J.C. Frisvad, S. Kocsubé, B. Brankovics, B. Tóth, G. Szigeti and R.A. Samson",2011,Studies in Mycology 69: 1–17,1
Visagie et al 2012 Persoonia 28 18.pdf,Three new additions to the genus Talaromyces isolated from Atlantis sandveld fynbos soils,"C.M. Visagie, K. Jacobs",2012,Persoonia,0
Visagie et al 2013 Persoonia 31 42-62.pdf,Five new Penicillium species in section Sclerotiora: a tribute to the Dutch Royal family ,"C.M. Visagie, J. Houbraken, C. Rodriques, C. Silva Pereira, J. Dijksterhuis, K.A. Seifert, K. Jacobs, R.A. Samson",2013,Persoonia,0
Visagie et al 2016 Persoonia 36 134-155.pdf," A taxonomic review of Penicillium species producing conidiophores with solitary phialides, classified in section Torulomyces"," C.M. Visagie, J. Houbraken, J. Dijksterhuis, K.A. Seifert, K. Jacobs, R.A. Samson",2016,Persoonia,0
Visagie et al 2016 Persoonia 36 247-280.pdf,Fifteen new species of Penicillium ,"C.M. Visagie, J.B. Renaud, K.M.N. Burgess, D.W. Malloch, D. Clark, L. Ketch, M. Urb, G. Louis-Seize, R. Assabgui, M.W. Sumarah, K.A. Seifert,",2016,Persoonia,0
Visagie et al 2021 Persoonia 46 163-187.pdf,"A re-evaluation of Penicillium section Canescentia, including the description of five new species ","C.M. Visagie, J.C. Frisvad, J. Houbraken, A. Visagie, R.A. Samson, K. Jacobs",2021,Persoonia,1
Vol100Art1_Aspergillus-fumigatus-and-aspergillosis.pdf,Aspergillus fumigatus and aspergillosis: From basics to clinics,A. Arastehfar et al,2021,Studies in Mycology 100: 100115 ,1
Vol100Art2_Trends-in-the-molecular-epidemiology-and-population-geneti_2021_Studies-in-M.pdf,Trends in the molecular epidemiology and population genetics of emerging Sporothrix species,J.J. de Carvalho et al,2021,Studies in Mycology 100: 100129 ,1
Vol100Art3_Exploring-genetic-diversity--population-structure--and-phylog_2021_Studies-i.pdf,"Exploring genetic diversity, population structure and phylogeography in Paracoccidioides",T.N. Roberto et al,2021,Studies in Mycology 100: 100131 ,1
Vol100Art4_Comparative-genomic-analysis-of-clinical-Candida-glabrata-isola_2021_Studies.pdf,Comparative genomic analysis of clinical Candida glabrata isolates identifies multiple polymorphic loci that can improve existing multilocus sequence typing strategy,A. Arastehfar et al,2021,Studies in Mycology 100: 100133 ,1
Vol110Art1.pdf, An integrative re-evaluation of the Fusarium sambucinum species complex," M. Sandoval-Denis, M.M. Costa, K. Broders, Y. Becker, W. Maier, A. Yurkov, A. Kermode, A.G. Buddie, M.J. Ryan, R.K. Schumacher, J.Z. Groenewald, PW. Crous, M. Sandoval-Denis, M.M. Costa, K. Broders, Y. Becker, W. Maier, A. Yurkov, A. Kermode, A.G. Buddie, M.J. Ryan, R.K. Schumacher, J.Z. Groenewald, PW. Crous,",2025,Studies in Mycology 110: 1–110 ,1
Vol110Art2.pdf, A new family of ant-associated fungi in Chaetothyriales," M.Z. Wang, R. Belmonte-Lopes, T. Pan, S.A. Ahmed, B.P. Rodrigues Lustosa, Y. Quan, A.M.S. Al-Hatmi, V.E. Mayer, H. Voglmayr, M.E. Grisolia, B.B.J.F. de Souza Lima, V.A. Vicente, S.Q. Zhou, Y. Cao, Y.Q. Kang, G.S. de Hoog, M.Z. Wang, R. Belmonte-Lopes, T. Pan, S.A. Ahmed, B.P. Rodrigues Lustosa, Y. Quan, A.M.S. Al-Hatmi, V.E. Mayer, H. Voglmayr, M.E. Grisolia, B.B.J.F. de Souza Lima, V.A. Vicente, S.Q. Zhou, Y. Cao, Y.Q. Kang, G.S. de Hoog,",2025,Studies in Mycology 110: 111–143 ,1
Vol111Art1.pdf, Phylogenomics and functional annotation of 530 non-Saccharomyces yeasts from winemaking environments reveals their fermentome and flavorome," R. Franco-Duarte, T. Fernandes, M.J. Sousa, P. Sampaio, T. Rito, P. Soares,",2025,Studies in Mycology 111: 1–17 ,1
Vol111Art2.pdf," Camarosporidiella, a challenge"," W.M. Jaklitsch, M.N. Blanco, F.J. Rejos, S. Tello, H. Voglmayr",2025,Studies in Mycology 111: 19–100 ,1
Vol111Art3.pdf, Section-level genome sequencing and comparative genomics of Aspergillus sections Cavernicolus and Usti," J.L. Nybo, T.C. Vesth, S. Theobald, J.C. Frisvad, T.O. Larsen, I. Kjaerboelling, K. Rothschild-Mancinelli, E.K. Lyhne, K. Barry, A. Clum, Y. Yoshinaga, L. Ledsgaard, C. Daum, A. Lipzen, A. Kuo, R. Riley, S. Mondo, K. LaButti, S. Haridas, J. Pangalinan, A.A. Salamov, B.A. Simmons, J.K. Magnuson, J. Chen, E. Drula, B. Henrissat, A. Wiebenga, R.J.M. Lubbers, A. Müller, A.C. dos Santos Gomes, M.R. Mäkelä, J.E. Stajich, I.V.",2025,Studies in Mycology 111: 101–114 ,1
Vol81Art1_Phylogeny_of_tremellomycetous_yeasts_and_related_dimorphic_and_filamentous_basidiomycetes_reconstructed_from_multiple_gene_sequence_analyses.pdf, Phylogeny of tremellomycetous yeasts and related dimorphic and filamentous basidiomycetes reconstructed from multiple gene," X.-Z. Liu, Q.-M. Wang, B. Theelen, M. Groenewald, F.-Y. Bai, and T. Boekhout,",2015,Studies in Mycology 81: 1–26,1
Vol81Art2_Phylogeny_of_yeasts_and_related_filamentous_fungi_within_Pucciniomycotina_determined_from_multigene_sequence_analyses.pdf, Phylogeny of yeasts and related filamentous fungi within Pucciniomycotina determined from multigene sequence analyses," Q.-M. Wang, M. Groenewald, M. Takashima, B. Theelen, P.-J. Han, X.-Z. Liu, T. Boekhout, and F.-Y. Bai,",2015,Studies in Mycology 81: 27–53,1
Vol81Art3_Multigene_phylogeny_and_taxonomic_revision_of_yeasts_and_related_fungi_in_the_Ustilaginomycotina.pdf, Multigene phylogeny and taxonomic revision of yeasts and related fungi in the Ustilaginomycotina," Q.-M. Wang, D. Begerow, M. Groenewald, X.-Z. Liu, B. Theelen, F.-Y. Bai, and T. Boekhout,",2015,Studies in Mycology 81: 55–83,1
Vol81Art4_Towards_an_integrated_phylogenetic_classification_of_the_Tremellomycetes.pdf, Towards an integrated phylogenetic classification of the Tremellomycetes," X.-Z. Liu, Q.-M. Wang, M. Göker, M. Groenewald, A.V. Kachalkin, H.T. Lumbsch, A.M. Millanes, M. Wedin, A.M. Yurkov, T. Boekhout,, and F.-Y. Bai,",2015,Studies in Mycology 81: 85–147,1
Vol81Art6_Phylogenetic_classification_of_yeasts_and_related_taxa_within_Pucciniomycotina.pdf, Phylogenetic classification of yeasts and related taxa within Pucciniomycotina Phylogenetic classification of yeasts and related taxa within Pucciniomycotina," Q.-M. Wang, A.M. Yurkov, M. Göker, H.T. Lumbsch, S.D. Leavitt, M. Groenewald, B. Theelen, X.-Z. Liu, T. Boekhout,, and F.-Y. Bai,",2015,Studies in Mycology 81: 149–189,1
Vol83Art1_The-role-of-melanin-pathways-in-extremotolerance-and-virulence-_2016_Studies.pdf, The role of melanin pathways in extremotolerance and virulence of Fonsecaea revealed by de novo assembly transcriptomics using," X.Q. Li, B.L. Guo, W.Y. Cai, J.M. Zhang, H.Q. Huang, P. Zhan,, L.Y. Xi, V.A. Vicente, B. Stielow, J.F. Sun, and G.S. de Hoog,,",2016,Studies in Mycology 83: 1–18,1
Vol83Art2_Take-all-or-nothing_2016_Studies-in-Mycology.pdf, Take-all or nothing," M. Hernandez-Restrepo, J.Z. Groenewald, M.L. Elliott, G. Canning, V.E. McMillan, and P.W. Crous,,",2016,Studies in Mycology 83: 19–48,1
Vol83Art3_All-that-glitters-is-not-Ramularia_2016_Studies-in-Mycology.pdf, All that glitters is not Ramularia," S.I.R. Videira, J.Z. Groenewald, U. Braun, H.D. Shin, and P.W. Crous,",2016,Studies in Mycology 83: 49–163,1
Vol83Art4_The-divorce-of-Sporothrix-and-Ophiostoma--solution-to-a-p_2016_Studies-in-My.pdf, The divorce of Sporothrix and Ophiostoma: solution to a problematic relationship," Z.W. de Beer, T.A. Duong, and M.J. Wingfield",2016,Studies in Mycology 83: 165–191,1
Vol83Art5_Phylogeny-and-taxonomic-revision-of-Microascaceae-with-emp_2016_Studies-in-M.pdf, Phylogeny and taxonomic revision of Microascaceae with emphasis on synnematous fungi," M. Sandoval-Denis, J. Guarro, J.F. Cano-Lira, D.A. Sutton, N.P. Wiederhold, G.S. de Hoog, S.P. Abbott, C. Decock, L. Sigler, and J. Gene",2016,Studies in Mycology 83: 193–233,1
Vol84Art1_Aspergillus-section-Nidulantes--formerly-Emericella---Polyp_2016_Studies-in-.pdf," Aspergillus section Nidulantes (formerly Emericella): Polyphasic taxonomy, chemistry and biology"," A.J. Chen, J.C. Frisvad, B.D. Sun, J. Varga, S. Kocsube, J. Dijksterhuis, D.H. Kim, S.-B. Hong, J. Houbraken, and R.A. Samson",2016,Studies in Mycology 84: 1–118,1
Vol84Art2_New-Talaromyces-species-from-indoor-environments-in-C_2016_Studies-in-Mycolo.pdf, New Talaromyces species from indoor environments in China," A.J. Chen,, B.D. Sun, J. Houbraken, J.C. Frisvad, N. Yilmaz, Y.G. Zhou, and R.A. Samson",2016,Studies in Mycology 84: 119–144,1
Vol84Art3_Diversity-and-taxonomy-of-Chaetomium-and-chaetomium-like-f_2016_Studies-in-M.pdf, Diversity and taxonomy of Chaetomium and chaetomium-like fungi from indoor environments," X.W. Wang, J. Houbraken, J.Z. Groenewald, M. Meijer, B. Andersen, K.F. Nielsen, P.W. Crous,, and R.A. Samson",2016,Studies in Mycology 84: 145–224,1
Vol85Art1_Revising-the-Schizoparmaceae--Coniella-and-its-synonyms-P_2016_Studies-in-My.pdf, Revising the Schizoparmaceae: Coniella and its synonyms Pilidiella and Schizoparme," L.V. Alvarez, J.Z. Groenewald, and P.W. Crous,",2016,Studies in Mycology 85: 1–34,1
Vol85Art2_Hidden-diversity-in-Thyridaria-and-a-new-circumscription-_2016_Studies-in-My.pdf, Hidden diversity in Thyridaria and a new circumscription of the Thyridariaceae," W.M. Jaklitsch, and H. Voglmayr",2016,Studies in Mycology 85: 35–64,1
Vol85Art3_Polyphasic-taxonomy-of-Aspergillus-section-Cervini_2016_Studies-in-Mycology.pdf, Polyphasic taxonomy of Aspergillus section Cervini," A.J. Chen, J. Varga, J.C. Frisvad, X.Z. Jiang, and R.A. Samson",2016,Studies in Mycology 85: 65–89,1
Vol85Art4_DNA-barcoding-analysis-of-more-than-9-000-yeast-isolates-contr_2016_Studies-.pdf, DNA barcoding analysis of more than 9 000 yeast isolates contributes to quantitative thresholds for yeast species and genera delimitation," D. Vu, M. Groenewald, S. Szöke, G. Cardinali, U. Eberhardt, B. Stielow, M. de Vries, G.J.M. Verkleij, P.W. Crous, T. Boekhout, and V. Robert",2016,Studies in Mycology 85: 91–105,1
Vol85Art5_Wood-staining-fungi-revealed-taxonomic-novelties-in-Pezizomyco_2016_Studies-.pdf, Wood staining fungi revealed taxonomic novelties in Pezizomycotina: New order Superstratomycetales and new species Cyanodermella," E.J. van Nieuwenhuijzen, J.M. Miadlikowska, J.A.M.P. Houbraken, O.C.G. Adan, F.M. Lutzoni, and R.A. Samson",2016,Studies in Mycology 85: 107–124,1
Vol85Art6_The-good--the-bad-and-the-tasty--The-many-roles-of-mus_2016_Studies-in-Mycol.pdf," The good, the bad and the tasty: The many roles of mushrooms"," K.M.J. de Mattos-Shipley, K.L. Ford, F. Alberti, A.M. Banks, A.M. Bailey, and G.D. Foster",2016,Studies in Mycology 85: 125–157,1
Vol85Art7_The-forgotten-Calonectria-collection--Pouring-old-wine-_2016_Studies-in-Myco.pdf, The forgotten Calonectria collection: Pouring old wine into new bags," L. Lombard, M.J. Wingfield, A.C. Alfenas, and P.W. Crous,",2016,Studies in Mycology 85: 159–198,1
Vol85Art8_Aspergillus-is-monophyletic--Evidence-from-multiple-gene-ph_2016_Studies-in-.pdf, Aspergillus is monophyletic: Evidence from multiple gene phylogenies and extrolites profiles," S. Kocsube, G. Perrone, D. Magista, J. Houbraken, J. Varga, G. Szigeti, V. Hubka, S.-B. Hong, J.C. Frisvad, and R.A. Samson",2016,Studies in Mycology 85: 199–213,1
Vol86Art1_Exploring-the-genomic-diversity-of-black-yeasts-and-relati_2017_Studies-in-M.pdf," Exploring the genomic diversity of black yeasts and relatives (Chaetothyriales, Ascomycota)"," M.M. Teixeira, L.F. Moreno,, B.J. Stielow, A. Muszewska, M. Hainaut, L. Gonzaga, A. Abouelleil, J.S.L. Patane, M. Priest, R. Souza, S. Young, K.S. Ferreira, Q. Zeng, M.M.L. da Cunha, A. Gladki, B. Barker, V.A. Vicente, E.M. de Souza, S. Almeida, B. Henrissat, A.T.R. Vasconcelos, S. Deng, H. Voglmayr, T.A.A. Moussa, A. Gorbushina, M.S.S. Felipe, C.A. Cuomo, and G. Sybren de Hoog",2017,Studies in Mycology 86: 1–28 ,1
Vol86Art2_Phylogenetic-analysis-of-Monascus-and-new-species-from-hone_2017_Studies-in-.pdf," Phylogenetic analysis of Monascus and new species from honey, pollen and nests of stingless bees"," R.N. Barbosa, S.L. Leong, O. Vinnere-Pettersson, A.J. Chen, C.M. Souza-Motta, J.C. Frisvad, R.A. Samson, N.T. Oliveira, and J. Houbraken",2017,Studies in Mycology 86: 29–51 ,1
Vol86Art3_Phylogeny-of-saprobic-microfungi-from-Southern-Europ_2017_Studies-in-Mycolog.pdf, Phylogeny of saprobic microfungi from Southern Europe," M. Hernandez-Restrepo, J. Gene, R.F. Casta~neda-Ruiz, J. Mena-Portales, P.W. Crous, and J. Guarro",2017,Studies in Mycology 86: 53–97 ,1
Vol86Art4_Genera-of-phytopathogenic-fungi--GOPHY-1_2017_Studies-in-Mycology.pdf, Genera of phytopathogenic fungi: GOPHY 1," Y. Marin-Felix, J.Z. Groenewald, L. Cai, Q. Chen, S. Marincowitz, I. Barnes, K. Bensch, U. Braun, E. Camporesi,, U. Damm, Z.W. de Beer, A. Dissanayake, J. Edwards, A. Giraldo, M. Hernandez-Restrepo, K.D. Hyde, R.S. Jayawardena, L. Lombard, J. Luangsa-ard, A.R. McTaggart, A.Y. Rossman, M. Sandoval-Denis, M. Shen, R.G. Shivas, Y.P. Tan, E.J. van der Linde, M.J. Wingfield, A.R. Wood, J.Q. Zhang, Y. Zhang, and P.W. Crous,",2017,Studies in Mycology 86: 99–216 ,1
Vol86Art5_Families-of-Diaporthales-based-on-morphological-and-phyl_2017_Studies-in-Myc.pdf, Families of Diaporthales based on morphological and phylogenetic evidence," I.C. Senanayake,, P.W. Crous, J.Z. Groenewald, S.S.N. Maharachchikumbura, R. Jeewon, A.J.L. Phillips, J.D. Bhat, R.H. Perera, Q.R. Li, W.J. Li,, N. Tangthirasunun, C. Norphanphoun, S.C. Karunarathna, E. Camporesi,, I.S. Manawasighe, A.M. Al-Sadi, and K.D. Hyde,",2017,Studies in Mycology 86: 217–296 ,1
Vol87Art1_Phylogeny-and-taxonomy-of-the-scab-and-spot-anthracnose-fung_2017_Studies-in.pdf," Phylogeny and taxonomy of the scab and spot anthracnose fungus Elsinoe (Myriangiales, Dothideomycetes)"," X.L. Fan, R.W. Barreto, J.Z. Groenewald, J.D.P. Bezerra, O.L. Pereira, R. Cheewangkoon, L. Mostert, C.M. Tian, and P.W. Crous,",2017,Studies in Mycology 87: 1–41 ,1
Vol87Art2_Corynespora--Exosporium-and-Helminthosporium-revisited---Ne_2017_Studies-in-.pdf," Corynespora, Exosporium and Helminthosporium revisited – New species and generic reclassification"," H. Voglmayr, and W.M. Jaklitsch,",2017,Studies in Mycology 87: 43–76 ,1
Vol87Art3_Stemphylium-revisited_2017_Studies-in-Mycology.pdf, Stemphylium revisited," J.H.C. Woudenberg, B. Hanse, G.C.M. van Leeuwen, J.Z. Groenewald, and P.W. Crous,",2017,Studies in Mycology 87: 77–103 ,1
Vol87Art4_Didymellaceae-revisited_2017_Studies-in-Mycology.pdf, Didymellaceae revisited," Q. Chen, L.W. Hou, W.J. Duan, P.W. Crous, and L. Cai,",2017,Studies in Mycology 87: 105–159 ,1
Vol87Art5_First-report-of-Phyllosticta-citricarpa-and-description-of-two_2017_Studies-.pdf," First report of Phyllosticta citricarpa and description of two new species, P. paracapitalensis and P. paracitricarpa, from citrus in Europe"," V. Guarnaccia, J.Z. Groenewald, H. Li, C. Glienke, E. Carstens, V. Hattingh, P.H. Fourie, and P.W. Crous,",2017,Studies in Mycology 87: 161–185 ,1
Vol87Art6_Pseudodidymellaceae-fam--nov---Phylogenetic-affiliations-of_2017_Studies-in-.pdf, Pseudodidymellaceae fam. nov.: Phylogenetic affiliations of mycopappus-like genera in Dothideomycetes," A. Hashimoto, M. Matsumura, K. Hirayama, R. Fujimoto, and K. Tanaka,",2017,Studies in Mycology 87: 187–206 ,1
Vol87Art7_Phylogenetic-revision-of-Camarosporium--Pleosporineae--Dot_2017_Studies-in-M.pdf," Phylogenetic revision of Camarosporium (Pleosporineae, Dothideomycetes) and allied genera"," D.N. Wanasinghe,, K.D. Hyde,, R. Jeewon, P.W. Crous, N.N. Wijayawardene, E.B.G. Jones, D.J. Bhat, A.J.L. Phillips, J.Z. Groenewald, M.C. Dayarathne,, C. Phukhamsakda,, K.M. Thambugala, T.S. Bulgakov, E. Camporesi,, Y.S. Gafforov, P.E. Mortimer, and S.C. Karunarathna,",2017,Studies in Mycology 87: 207–256 ,1
Vol87Art8_Mycosphaerellaceae---Chaos-or-clarity-_2017_Studies-in-Mycology.pdf, Mycosphaerellaceae – Chaos or clarity?," S.I.R. Videira, J.Z. Groenewald, C. Nakashima, U. Braun, R.W. Barreto, P.J.G.M. de Wit, and P.W. Crous,",2017,Studies in Mycology 87: 257–421 ,1
Vol88Art1_Scopulariopsis-and-scopulariopsis-like-species-from-indo_2017_Studies-in-Myc.pdf, Scopulariopsis and scopulariopsis-like species from indoor environments," J.H.C. Woudenberg, M. Meijer, J. Houbraken, and R.A. Samson",2017,Studies in Mycology 88: 1–35 ,1
Vol88Art2_Polyphasic-taxonomy-of-Aspergillus-section-Aspergillus--forme_2017_Studies-i.pdf," Polyphasic taxonomy of Aspergillus section Aspergillus (formerly Eurotium), and its occurrence in indoor environments and food"," A.J. Chen, V. Hubka, J.C. Frisvad, C.M. Visagie, J. Houbraken, M. Meijer, J. Varga, R. Demirel,Z. Jurjevic, A. Kubatova, F. Sklenar, Y.G. Zhou, and R.A. Samson",2017,Studies in Mycology 88: 37–135 ,1
Vol88Art3_Cephalotrichum-and-related-synnematous-fungi-with-notes-on-_2017_Studies-in-.pdf, Cephalotrichum and related synnematous fungi with notes on species from the built environment," J.H.C. Woudenberg, M. Sandoval-Denis, J. Houbraken, K.A. Seifert, and R.A. Samson",2017,Studies in Mycology 88: 137–159 ,1
Vol88Art4_Phylogeny-of-xerophilic-aspergilli--subgenus-Aspergillus--a_2017_Studies-in-.pdf, Phylogeny of xerophilic aspergilli (subgenus Aspergillus) and taxonomic revision of section Restricti," F. Sklenar,Z. Jurjevic, P. Zalar, J.C. Frisvad, C.M. Visagie, M. Kolarík, J. Houbraken, A.J. Chen, N. Yilmaz, K.A. Seifert, M. Coton, F. Deniel, N. Gunde-Cimerman, R.A. Samson, S.W. Peterson, and V. Hubka,",2017,Studies in Mycology 88: 161–236 ,1
Vol88Art5_Aspergillus-subgenus-Polypaecilum-from-the-built-envir_2017_Studies-in-Mycol.pdf, Aspergillus subgenus Polypaecilum from the built environment," J.B. Tanney,, C.M. Visagie,, N. Yilmaz, and K.A. Seifert,",2017,Studies in Mycology 88: 237–267 ,1
Vol89Art1_Phylogenetic-classification-and-generic-delineation-of-Calypto_2018_Studies-.pdf," Phylogenetic classification and generic delineation of Calyptosphaeria gen. nov., Lentomitella, Spadicoides and Torrentispora (Sordariomycetes)"," M. Reblova, A.N. Miller, K. Reblova, and V.Stepanek",2018,Studies in Mycology 89: 1–62 ,1
Vol89Art10_Cladosporium-species-in-indoor-environments_2018_Studies-in-Mycology.pdf, Cladosporium species in indoor environments," K. Bensch, J.Z. Groenewald, M. Meijer, J. Dijksterhuis,Z. Jurjevic, B. Andersen, J. Houbraken, P.W. Crous,, and R.A. Samson",2018,Studies in Mycology 89: 177–301 ,1
Vol89Art2_Naming-names--the-first-women-taxonomists-in-mycolog_2018_Studies-in-Mycolog.pdf, Naming names: the first women taxonomists in mycology," Sara Maroske, and Tom W. May",2018,Studies in Mycology 89: 63–84 ,1
Vol89Art3_RXLR-effector-diversity-in-Phytophthora-infestans-isolates-det_2018_Studies-.pdf, RXLR effector diversity in Phytophthora infestans isolates determines recognition by potato resistance proteins; the case study AVR1 and R1," Y. Du, R. Weide, Z. Zhao, P. Msimuko, F. Govers, and K. Bouwmeester,",2018,Studies in Mycology 89: 85–93 ,1
Vol89Art4_Temporal-variation-of-fungal-diversity-in-a-mosaic-lands_2018_Studies-in-Myc.pdf, Temporal variation of fungal diversity in a mosaic landscape in Germany," S. Rudolph, J.G. Macia-Vicente, H. Lotz-Winter, M. Schleuning, and M. Piepenbring",2018,Studies in Mycology 89: 95–104 ,1
Vol89Art5_Two-different-R-gene-loci-co-evolved-with-Avr2-of-Phytophthor_2018_Studies-i.pdf, Two different R gene loci co-evolved with Avr2 of Phytophthora infestans and confer distinct resistance specificities in potato," C. Aguilera-Galvez, N. Champouret, H. Rietman, X. Lin, D. Wouters, Z. Chu, J.D.G. Jones, J.H. Vossen, R.G.F. Visser, P.J. Wolters, and V.G.A.A. Vleeshouwers",2018,Studies in Mycology 89: 105–115 ,1
Vol89Art6_Fungus-wars--basidiomycete-battles-in-wood-decay_2018_Studies-in-Mycology.pdf, Fungus wars: basidiomycete battles in wood decay," J. Hiscox, J. O'Leary, and L. Boddy",2018,Studies in Mycology 89: 117–124 ,1
Vol89Art7_Novel-and-interesting-Ophiocordyceps-spp---Ophiocordycipitace_2018_Studies-i.pdf," Novel and interesting Ophiocordyceps spp. (Ophiocordycipitaceae, Hypocreales) with superficial perithecia from Thailand"," J. Luangsa-ard, K. Tasanathai, D. Thanakitpipattana, A. Khonsanit, and M. Stadler",2018,Studies in Mycology 89: 125–142 ,1
Vol89Art8_Deconstructing-the-evolutionary-complexity-between-rust-fun_2018_Studies-in-.pdf, Deconstructing the evolutionary complexity between rust fungi (Pucciniales) and their plant hosts," M.C. Aime, C.D. Bell, and A.W. Wilson",2018,Studies in Mycology 89: 143–152 ,1
Vol89Art9_Phylogeny-of-dermatophytes-with-genomic-character-evaluation-_2018_Studies-i.pdf, Phylogeny of dermatophytes with genomic character evaluation of clinically distinct Trichophyton rubrum and T. violaceum," P. Zhan,, K. Dukik, D. Li, J. Sun, J.B. Stielow,, B. Gerrits van den Ende, B. Brankovics, S.B.J. Menken, H. Mei, W. Bao, G. Lv, W. Liu, and G.S. de Hoog,,",2018,Studies in Mycology 89: 153–175 ,1
Vol90Art1_Coelomycetous-Dothideomycetes-with-emphasis-on-the-families_2018_Studies-in-.pdf, Coelomycetous Dothideomycetes with emphasis on the families Cucurbitariaceae and Didymellaceae," N. Valenzuela-Lopez, J.F. Cano-Lira, J. Guarro, D.A. Sutton, N. Wiederhold, P.W. Crous, and A.M. Stchigel",2018,Studies in Mycology 90: 1–69 ,1
Vol90Art2_A-preliminary-account-of-the-Cucurbitariaceae_2018_Studies-in-Mycology.pdf, A preliminary account of the Cucurbitariaceae," W.M. Jaklitsch, J. Checa, M.N. Blanco, I. Olariaga, S. Tello, and H. Voglmayr",2018,Studies in Mycology 90: 71–118 ,1
Vol90Art3_Zombie-ant-fungi-across-continents--15-new-species-and-new-com_2018_Studies-.pdf, Zombie-ant fungi across continents: 15 new species and new combinations within Ophiocordyceps. I. Myrmecophilous hirsutelloid species," J.P.M. Araújo, H.C. Evans, R. Kepler, and D.P. Hughes",2018,Studies in Mycology 90: 119–160 ,1
Vol90Art4_Resolving-the-Lophiostoma-bipolare-complex--Generic-delimi_2018_Studies-in-M.pdf, Resolving the Lophiostoma bipolare complex: Generic delimitations within Lophiostomataceae," A. Hashimoto, K. Hirayama, H. Takahashi, M. Matsumura, G. Okada, C.Y. Chen, J.W. Huang, M. Kakishima, T. Ono, and K. Tanaka,",2018,Studies in Mycology 90: 161–189 ,1
Vol91Art1_Cyclins_in_aspergilli_Phylogenetic_and_functional_analyses_of_group_I_cyclins.pdf, Cyclins in aspergilli: Phylogenetic and functional analyses of group I cyclins," V. Paolillo, C.B. Jenkinson, T. Horio, and B.R. Oakley",2018,Studies in Mycology 91: 1–22 ,1
Vol91Art2_Duplications_and_losses_of_genes_encoding_known_elements_of_the_stress_defence_system_of_the_Aspergilli.pdf, Duplications and losses of genes encoding known elements of the stress defence system of the Aspergilli contribute to the evolution of these filamentous fungi but do not directly influence their environmental stress tolerance," T. Emri, K. Antal, R. Riley, Z. Karanyi, M. Miskei, E. Orosz, S.E. Baker, A. Wiebenga, R.P. de Vries, and I. Pocsi",2018,Studies in Mycology 91: 23–36 ,1
Vol91Art3_Evolution_of_asexual_and_sexual_reproduction_in_the_aspergilli.pdf, Evolution of asexual and sexual reproduction in the aspergilli," M. Ojeda-Lopez†, W. Chen†, C.E. Eagle†, G. Gutierrez, W.L. Jia, S.S. Swilaiman, Z. Huang, H-S Park, J-H Yu, D. Canovas, and P.S. Dyer",2018,Studies in Mycology 91: 37–59 ,1
Vol91Art4_The_gold-standard_genome_of_Aspergillus_niger_NRRL_3_enables_a_detailed_view_of_the_diversity_of_sugar_catabolism_in_fungi.pdf, The gold-standard genome of Aspergillus niger NRRL 3 enables a detailed view of the diversity of sugar catabolism in fungi," M.V. Aguilar-Pontes, J. Brandl, E. McDonnell, K. Strasser, T.T.M. Nguyen, R. Riley, S. Mondo, A. Salamov, J.L. Nybo, T.C. Vesth, I.V. Grigoriev, M.R. Andersen, A. Tsang, and R.P. de Vries,",2018,Studies in Mycology 91: 61–78 ,1
Vol91Art5_Genomic_and_exoproteomic_diversity_in_plant_biomass_degradation_approaches_among_Aspergilli.pdf, Genomic and exoproteomic diversity in plant biomass degradation approaches among Aspergilli,"M.R. Mäkelä, M. DiFalco, E. McDonnell, T.T.M. Nguyen, A. Wiebenga, K. Hilden, M. Peng, I.V. Grigoriev, A. Tsang, and R.P. de Vries,",2018,Studies in Mycology 91: 79–99 ,1
"Vol92Art1_The_Colletotrichum_dracaenophilum,_C._magnum_and_C._orchidearum_species_complexes.pdf"," The Colletotrichum dracaenophilum, C. magnum and C. orchidearum species complexes"," U. Damm, T. Sato, A. Alizadeh, J.Z. Groenewald, and P.W. Crous,",2019,Studies in Mycology 92: 1–46 ,1
Vol92Art2_Genera_of_phytopathogenic_fungi_GOPHY_2.pdf, Genera of phytopathogenic fungi: GOPHY 2," Y. Marin-Felix, M. Hernandez-Restrepo, M.J. Wingfield, A. Akulov, A.J. Carnegie, R. Cheewangkoon, D. Gramaje, J.Z. Groenewald, V. Guarnaccia, F. Halleen, L. Lombard, J. Luangsa-ard, S. Marincowitz, A. Moslemi, L. Mostert, W. Quaedvlieg, R.K. Schumacher, C.F.J. Spies, R. Thangavel, P.W.J. Taylor, A.M. Wilson, B.D. Wingfield, A.R. Wood, and P.W. Crous,",2019,Studies in Mycology 92: 47–133 ,1
Vol92Art3_Large-scale_generation_and_analysis_of_filamentous_fungal_DNA_barcodes_boosts.pdf, Large-scale generation and analysis of filamentous fungal DNA barcodes boosts coverage for kingdom fungi and reveals thresholds for fungal species and higher taxon delimitation," D. Vu, M. Groenewald, M. de Vries, T. Gehrmann, B. Stielow, U. Eberhardt, A. Al-Hatmi, J.Z. Groenewald, G. Cardinali, J. Houbraken, T. Boekhout, P.W. Crous, V. Robert, and G.J.M. Verkley",2019,Studies in Mycology 92: 135–154 ,1
Vol92Art4_Phylogeny_and_genetic_diversity_of_the_banana_Fusarium_wilt_pathogen_Fusarium_oxysporum.pdf, Phylogeny and genetic diversity of the banana Fusarium wilt pathogen Fusarium oxysporum f. sp. cubense in the Indonesian centre of origin," N. Maryani,, L. Lombard, Y.S. Poerba, S. Subandiyah, P.W. Crous, and G.H.J. Kema,",2019,Studies in Mycology 92: 155–194 ,1
Vol92Art5_The_root-symbiotic_Rhizoscyphus_ericae_aggregate_and_Hyaloscypha_(Leotiomycetes)_are_congeneric.pdf, The root-symbiotic Rhizoscyphus ericae aggregate and Hyaloscypha (Leotiomycetes) are congeneric: Phylogenetic and experimental evidence," J. Fehrer, M. Reblova, V. Bambasova, and M. Vohník,",2019,Studies in Mycology 92: 195–225 ,1
Vol92Art6_Inside_Plectosphaerellaceae.pdf, Inside Plectosphaerellaceae," A. Giraldo, and P.W. Crous,",2019,Studies in Mycology 92: 227–286 ,1
Vol92Art7_Sporocadaceae.pdf," Sporocadaceae, a family of coelomycetous fungi with appendage- bearing conidia"," F. Liu, G. Bonthond, J.Z. Groenewald, L. Cai, and P.W. Crous,",2019,Studies in Mycology 92: 287–415 ,1
"Vol93Art1_Taxonomy_of_Aspergillus_section_Flavi_and_their_production_of_aflatoxins,_ochratoxins_and_other_mycotoxins.pdf"," Taxonomy of Aspergillus section Flavi and their production of aflatoxins, ochratoxins and other mycotoxins"," J.C. Frisvad, V. Hubka, C.N. Ezekiel, S.-B. Hong, A. Novakova, A.J. Chen, M. Arzanlou, T.O. Larsen, F. Sklenar, W. Mahakarnchanakul, R.A. Samson, and J. Houbraken",2019,Studies in Mycology 93: 1–63 ,1
Vol93Art2_Redefining_Humicola_sensu_stricto_and_related_genera_in_the_Chaetomiaceae.pdf, Redefining Humicola sensu stricto and related genera in the Chaetomiaceae," X.W. Wang,, F.Y. Yang, M. Meijer, B. Kraak, B.D. Sun, Y.L. Jiang, Y.M. Wu, F.Y. Bai, K.A. Seifert, P.W. Crous, R.A. Samson, and J. Houbraken",2019,Studies in Mycology 93: 65–153 ,1
Vol93Art3_Phylogenetic_re-evaluation_ofThielaviawith_the_introduction_of_a_newfamilyPodosporaceae.pdf, Phylogenetic re-evaluation of Thielavia with the introduction of a new family Podosporaceae," X.W. Wang, F.Y. Bai, K. Bensch, M. Meijer, B.D. Sun, Y.F. Han, P.W. Crous,, R.A. Samson, F.Y. Yang, and J. Houbraken",2019,Studies in Mycology 93: 155–252 ,1
Vol94Art1_Genera_of_phytopathogenic_fungi_GOPHY3.pdf, Genera of phytopathogenic fungi: GOPHY 3," Y. Marin-Felix, M. Hernandez-Restrepo, I. Iturrieta-Gonzalez, D. García, J. Gene, J.Z. Groenewald, L. Cai, Q. Chen, W. Quaedvlieg, R.K. Schumacher, P.W.J. Taylor, C. Ambers, G. Bonthond, J. Edwards, S.A. Krueger-Hadfield, J.J. Luangsa-ard, L. Morton, A. Moslemi, M. Sandoval-Denis, Y.P. Tan, R. Thangavel, N. Vaghefi, R. Cheewangkoon, and P.W. Crous,",2019,Studies in Mycology 94: 1–124 ,1
Vol94Art2_Foliar_pathogens_of_eucalypts.pdf,Foliar pathogens of eucalypts,"P.W. Crous, M.J. Wingfield, R. Cheewangkoon, A.J. Carnegie, T.I. Burgess, B.A. Summerell, J. Edwards, P.W.J. Taylor, and J.Z. Groenewald",2019,Studies in Mycology 94: 125–298 ,1
Vol95Art2_Revisiting-Metarhizium-and-the-description-of-new-specie_2020_Studies-in-Myc.pdf, Revisiting Metarhizium and the description of new species from Thailand," S. Mongkolsamrit, A. Khonsanit, D. Thanakitpipattana, K. Tasanathai, W. Noisripoom, S. Lamlertthon, W. Himaman, J. Houbraken, R.A. Samson, and J. Luangsaard",2020,Studies in Mycology 95: 171–251 ,1
Vol95Art4_Mollisiaceae--An-overlooked-lineage-of-diverse-endoph_2020_Studies-in-Mycolo.pdf, Mollisiaceae: An overlooked lineage of diverse endophytes," J.B. Tanney, and K.A. Seifert,",2020,Studies in Mycology 95: 293–380 ,1
Vol95Art5_Evolution-of-lifestyles-in-Capnodiales_2020_Studies-in-Mycology.pdf, Evolution of lifestyles in Capnodiales," J. Abdollahzadeh, J.Z. Groenewald, M.P.A. Coetzee, M.J. Wingfield, and P.W. Crous,",2020,Studies in Mycology 95: 381–414 ,1
Vol95Art6_New-insights-into-the-systematics-of-Bactrodesmium-and-its-allie_2020_Studie.pdf," New insights into the systematics of Bactrodesmium and its allies and introducing new genera, species and morphological patterns in the Pleurotheciales and Savoryellales (Sordariomycetes)"," Martina Reblova, Margarita Hernandez-Restrepo, Jacques Fournier, and Jana Nekvindova",2020,Studies in Mycology 95: 415–466 ,1
Vol96Art1_Identification-of-Rosellinia-species-as-producers-of-cyclodepsi_2020_Studies.pdf, Identification of Rosellinia species as producers of cyclodepsipeptide PF1022 A and resurrection of the genus Dematophora as inferred from polythetic taxonomy," K. Wittstein, A. Cordsmeier, C. Lambert, L. Wendt, E.B. Sir, J. Weber, N. Wurzler, L.E. Petrini, and M. Stadler,",2020,Studies in Mycology 96: 1–16 ,1
Vol96Art2_Diversity-and-phylogeny-of-basidiomycetous-yeasts-from-plant-lea_2020_Studie.pdf," Diversity and phylogeny of basidiomycetous yeasts from plant leaves and soil: Proposal of two new orders, three new families, eight new genera and one hundred and seven new species"," A-H Li, F-X Yuan, M. Groenewald, K. Bensch, A.M. Yurkov, K. Li, P-J Han, L-D Guo, M.C. Aime, J.P. Sampaio, S. Jindamorakot, B. Turchetti, J. Inacio, B. Fungsin, Q-M Wang, and F-Y Bai",2020,Studies in Mycology 96: 17–140 ,1
Vol96Art3_101-Dothideomycetes-genomes--A-test-case-for-predicting-lif_2020_Studies-in-.pdf, 101 Dothideomycetes genomes: A test case for predicting lifestyles and emergence of pathogens," S. Haridas, R. Albert, M. Binder, J. Bloem, K. LaButti, A. Salamov, B. Andreopoulos, S.E. Baker, K. Barry, G. Bills, B.H. Bluhm, C. Cannon, R. Castanera,, D.E. Culley, C. Daum, D. Ezra, J.B. Gonzalez, B. Henrissat,, A. Kuo, C. Liang, A. Lipzen, F. Lutzoni, J. Magnuson, S.J. Mondo, M. Nolan, R.A. Ohm, J. Pangilinan, H.-J. Park, L. Ramírez, M. Alfaro, H. Sun, A. Tritt, Y. Yoshinaga, L.-H. Zwiers, B.G. Turgeon, S.B. Goodwin, J.W. Spatafora, P.W. Crous, and I.V. Grigoriev,",2020,Studies in Mycology 96: 141–153 ,1
Vol96Art4_Phylogenetic-origins-and-family-classification-of-typhuloid-fu_2020_Studies-.pdf," Phylogenetic origins and family classification of typhuloid fungi, with emphasis on Ceratellopsis, Macrotyphula and Typhula (Basidiomycota)"," I. Olariaga, S. Huhtinen, T. Læssøe, J.H. Petersen, and K. Hansen",2020,Studies in Mycology 96: 155–184 ,1
Vol96Art5_Venturiales_2020_Studies-in-Mycology.pdf, Venturiales," M. Shen, J.Q. Zhang, L.L. Zhao, J.Z. Groenewald, P.W. Crous, and Y. Zhang",2020,Studies in Mycology 96: 185–308 ,1
Vol96Art6_The-phoma-like-dilemma_2020_Studies-in-Mycology.pdf, The phoma-like dilemma," L.W. Hou, J.Z. Groenewald, L.H. Pfenning, O. Yarden, P.W. Crous, and L. Cai,",2020,Studies in Mycology 96: 309–396 ,1
Vol97Art1_Reconsideration-of-species-boundaries-and-proposed-DNA.pdf, Reconsideration of species boundaries and proposed DNA barcodes for Calonectria," Q.L. Liu, J.Q. Li, M.J. Wingfield, T.A. Duong, B.D. Wingfield, P.W. Crous, and S.F. Chen,",2020,Studies in Mycology xxx: xxx ,1
Vol97Art2_The-global-epidemiology-of-emerging-Histoplasma-species.pdf, The global epidemiology of emerging Histoplasma species in recent years," Anderson Messias Rodrigues, Mathew A. Beale, Ferry Hagen, Matthew C. Fisher, Paula Portella Della Terra, Sybren de Hoog, Raimunda S^amia Nogueira Brilhante, Rossana de Aguiar Cordeiro, Debora de Souza Collares Maia Castelo-Branco, Marcos Fabio Gadelha Rocha, Jose Júlio Costa Sidrim, and Zoilo Pires de Camargo",2020,Studies in Mycology: 100095 ,1
Vol98Art1_Fusarium--more-than-a-node.pdf, Fusarium: more than a node or a foot-shaped basal cell," P.W. Crous, L. Lombard, M. Sandoval-Denis, K.A. Seifert, H.-J. Schroers, P. Chaverri, J. Gene, J. Guarro, Y. Hirooka, K. Bensch, G.H.J. Kema, S.C. Lamprecht, L. Cai, A.Y. Rossman, M. Stadler, R.C. Summerbell, J.W. Taylor, S. Ploch, C.M. Visagie, N. Yilmaz, J.C. Frisvad, A.M. Abdel-Azeem, J. Abdollahzadeh, A. Abdolrasouli, A. Akulov, J.F. Alberts, J.P.M. Araújo, H.A. Ariyawansa, M. Bakhshi, M. Bendiksby, A. Ben Hadj Amor, J.D.P. Bezerra, T. Boekhout, M.P.S. C^amara, M. Carbia, G. Cardinali, R.F. Casta~neda-Ruiz, A. Celis, V. Chaturvedi, J. Collemare, D. Croll, U. Damm, C.A. Decock, R.P. de Vries, C.N. Ezekiel, X.L. Fan, N.B. Fernandez, E. Gaya, C.D. Gonzalez, D. Gramaje, J.Z. Groenewald, M. Grube, M. Guevara-Suarez, V.K. Gupta, V. Guarnaccia, A. Haddaji, F. Hagen, D. Haelewaters, K. Hansen, A. Hashimoto, M. Hernandez-Restrepo, J. Houbraken, V. Hubka, K.D. Hyde, T. Iturriaga, R. Jeewon, P.R. Johnston,Z. Jurjevic,_I. Karalti, L. Korsten, E.E. Kuramae, I. Kusan, R. Labuda, D.P. Lawrence, H.B. Lee, C. Lechat, H.Y. Li, Y.A. Litovka, S.S.N. Maharachchikumbura, Y. Marin-Felix, B. Matio Kemkuignou, N. Matocec, A.R. McTaggart, P. Mlcoch, L. Mugnai, C. Nakashima, R.H. Nilsson, S.R. Noumeur, I.N. Pavlov, M.P. Peralta, A.J.L. Phillips, J.I. Pitt, G. Polizzi, W. Quaedvlieg, K.C. Rajeshkumar, S. Restrepo, A. Rhaiem, J. Robert, V. Robert, A.M. Rodrigues, C. Salgado-Salazar, R.A. Samson, A.C.S. Santos, R.G. Shivas, C.M. Souza-Motta, G.Y. Sun, W.J. Swart, S. Szoke, Y.P. Tan, J.E. Taylor, P.W.J. Taylor, P.V. Tiago, K.Z. Vaczy, N. van de Wiele, N.A. van der Merwe, G.J.M. Verkley, W.A.S. Vieira, A. Vizzini, B.S. Weir, N.N. Wijayawardene, J.W. Xia, M.J. Ya~nez-Morales, A. Yurkov, J.C. Zamora, R. Zare, C.L. Zhang, and M. Thines,",2021,Studies in Mycology 98: 100116 ,1
Vol99Art1_Revision-of-Cerinomyces--Dacrymycetes--Basidiomycota--with-n_2021_Studies-in.pdf," Revision of Cerinomyces (Dacrymycetes, Basidiomycota) with notes on morphologically and historically related taxa"," A. Savchenko, J.C. Zamora, T. Shirouzu, V. Spirin, V. Malysheva, U. K~oljalg, and O. Miettinen",2021,Studies in Mycology 99: 100117 ,1
Vol99Art2_Secondary-metabolite-biosynthetic-diversity-in-the-fungal-f_2021_Studies-in-.pdf, Secondary metabolite biosynthetic diversity in the fungal family Hypoxylaceae and Xylaria hypoxylon," E. Kuhnert, J.C. Navarro-Mu~noz, K. Becker, M. Stadler, J. Collemare, and R.J. Cox",2021,Studies in Mycology 99: 100118 ,1
Vol99Art3_Re-examination-of-species-limits-in-Aspergillus-section-Flavip_2021_Studies-.pdf, Re-examination of species limits in Aspergillus section Flavipedes using advanced species delimitation methods and description of four new species," F. Sklenar,Z. Jurjevic, J. Houbraken, M. Kolarík, M.C. Arendrup,, K.M. Jørgensen, J.P.Z. Siqueira, J. Gene, T. Yaguchi, C.N. Ezekiel, C. Silva Pereira, and V. Hubka,",2021,Studies in Mycology 99: 100120 ,1
Vol99Art4_A-phylogenetic-overview-of-the-Hydnaceae--Cantharellales--B_2021_Studies-in-.pdf," A phylogenetic overview of the Hydnaceae (Cantharellales, Basidiomycota) with new taxa from China"," Ting Cao, Ya-Ping Hu, Jia-Rui Yu, Tie-Zheng Wei, and Hai-Sheng Yuan,",2021,Studies in Mycology 99: 100121 ,1
Vol99Art5_Population-genomics-reveals-historical-and-ongoing-recombina_2021_Studies-in.pdf, Population genomics reveals historical and ongoing recombination in the Fusarium oxysporum species complex," A.R. McTaggart, T.Y. James, R.G. Shivas, A. Drenth, B.D. Wingfield, B.A. Summerell, and T.A. Duong",2021,Studies in Mycology 99: 100132 ,1
von Arx 1984 Persoonia 12 185-188.pdf,"CANARIOMYCES NOTABILIS, A PECULIAR ASCOMYCETE FROM THE CANARY ISLANDS",von Arx,1984,Persoonia,0
von Arx 1987 Persoonia 13 273-300.pdf,A RE-EVALUATION OF THE EUROTIALES,"J. A. VON ARX, M. DREYFUSS, E. MULLER",1987,Persoonia,0
von Arx et al 1984 Persoonia 12 169-179.pdf,A REVALUATION OF CHAETOMIUM AND THE CHAETOMIACEAE,J. A. VON ARX,1984,Persoonia,0
Walther et al 2013 Persoonia 30 11-47.pdf,DNA barcoding in Mucorales: an inventory of biodiversity,"G. Walther, J. Pawłowska, A. Alastruey-Izquierdo, M. Wrzosek, J.L. Rodriguez-Tudela, S. Dolatabadi, A. Chakrabarti, G.S. de Hoog",2013,"Persoonia 30, 2013: 11–47",0
Westerdijk Thesis Tom van den Brule 2022 16aug22.pdf, Heterogeneity in stress resistance of Paecilomyces variotii and related food spoilage fungi,Tom van den Brule,2022,Westerdijk Thesis Tom van den Brule 2022,0
Wood et al 2016 Persoonia 37 37-56.pdf,Finding the missing link: Resolving the Coryneliomycetidae within Eurotiomycetes ,"A.R. Wood, U. Damm, E.J. van der Linde, J.Z. Groenewald, R. Cheewangkoon, P.W. Crous",2016,Persoonia,0
Wyatt Thesis.pdf,Mechanisms underlying extreme heat resistance of ascospores of Neosartorya fischeri,Timon Theo Wyatt,2014,PhD thesis,0
Yilmaz et al 2012 Persoonia 29 39-54.pdf,Delimitation and characterisation of Talaromyces purpurogenus and related species ,"N. Yilmaz, J. Houbraken, E.S. Hoekstra, J.C. Frisvad, C.M. Visagie, R.A. Samson",2012,Persoonia,1
Yilmaz et al 2016 Persoonia 36 37-56.pdf,"Taxonomic re-evaluation of species in Talaromyces section Islandici, using a polyphasic approach ","N. Yilmaz, C.M. Visagie, J.C. Frisvad, J. Houbraken, K. Jacobs, R.A. Samson",2016,Persoonia,1
Zhu & Zhuang 2015 Persoonia 34 113-129.pdf,Trichoderma (Hypocrea) species with green ascospores from China ,Zhu & Zhuang,2015,Persoonia,0
